FileName,Chamber,
2021-03-17_RNAi-31167.25750-1_group1_segmentation.jpg,17,
2021-03-17_RNAi-31167.25750-1_group1_segmentation.jpg,18,
2021-03-17_RNAi-31167.25750-1_group1_segmentation.jpg,19,
2021-03-17_RNAi-31167.25750-1_group1_segmentation.jpg,20,
2021-03-17_RNAi-31167.25750-1_group1_segmentation.jpg,29,
2021-03-17_RNAi-31167.25750-1_group1_segmentation.jpg,30,
2021-03-17_RNAi-31167.25750-1_group1_segmentation.jpg,31,
2021-03-17_RNAi-31167.25750-1_group1_segmentation.jpg,32,
2021-03-17_RNAi-31167.25750-1_group1_segmentation.jpg,33,
2021-03-17_RNAi-35027.25750-1_group1_segmentation.jpg,17,
2021-03-17_RNAi-35027.25750-1_group1_segmentation.jpg,18,
2021-03-17_RNAi-35027.25750-1_group1_segmentation.jpg,19,
2021-03-17_RNAi-35027.25750-1_group1_segmentation.jpg,20,
2021-03-17_RNAi-35027.25750-1_group1_segmentation.jpg,21,
2021-03-17_RNAi-35027.25750-1_group1_segmentation.jpg,29,
2021-03-17_RNAi-35027.25750-1_group1_segmentation.jpg,30,
2021-03-17_RNAi-35027.25750-1_group1_segmentation.jpg,31,
2021-03-17_RNAi-35027.25750-1_group1_segmentation.jpg,32,
2021-03-17_RNAi-35027.25750-1_group1_segmentation.jpg,33,
2021-03-17_RNAi-36303-1_group1_segmentation.jpg,17,
2021-03-17_RNAi-36303-1_group1_segmentation.jpg,18,
2021-03-17_RNAi-36303-1_group1_segmentation.jpg,19,
2021-03-17_RNAi-36303-1_group1_segmentation.jpg,20,
2021-03-17_RNAi-36303-1_group1_segmentation.jpg,21,
2021-03-17_RNAi-36303-1_group1_segmentation.jpg,29,
2021-03-17_RNAi-36303-1_group1_segmentation.jpg,30,
2021-03-17_RNAi-36303-1_group1_segmentation.jpg,31,
2021-03-17_RNAi-36303-1_group1_segmentation.jpg,32,
2021-03-17_RNAi-36303-1_group1_segmentation.jpg,33,
2021-03-17_RNAi-36304-1_group1_segmentation.jpg,17,
2021-03-17_RNAi-36304-1_group1_segmentation.jpg,18,
2021-03-17_RNAi-36304-1_group1_segmentation.jpg,19,
2021-03-17_RNAi-36304-1_group1_segmentation.jpg,20,
2021-03-17_RNAi-36304-1_group1_segmentation.jpg,21,
2021-03-17_RNAi-36304-1_group1_segmentation.jpg,29,
2021-03-17_RNAi-36304-1_group1_segmentation.jpg,30,
2021-03-17_RNAi-36304-1_group1_segmentation.jpg,31,
2021-03-17_RNAi-36304-1_group1_segmentation.jpg,32,
2021-03-17_RNAi-36304-1_group1_segmentation.jpg,33,
2021-03-17_RNAi-60071.3954-1_group1_segmentation.jpg,17,
2021-03-17_RNAi-60071.3954-1_group1_segmentation.jpg,18,
2021-03-17_RNAi-60071.3954-1_group1_segmentation.jpg,19,
2021-03-17_RNAi-60071.3954-1_group1_segmentation.jpg,20,
2021-03-17_RNAi-60071.3954-1_group1_segmentation.jpg,21,
2021-03-17_RNAi-60071.3954-1_group1_segmentation.jpg,29,
2021-03-17_RNAi-60071.3954-1_group1_segmentation.jpg,30,
2021-03-17_RNAi-60071.3954-1_group1_segmentation.jpg,31,
2021-03-17_RNAi-60071.3954-1_group1_segmentation.jpg,32,
2021-03-17_RNAi-60071.3954-1_group1_segmentation.jpg,33,
2021-03-17_RNAi-60071.25752-1_group1_segmentation.jpg,17,
2021-03-17_RNAi-60071.25752-1_group1_segmentation.jpg,18,
2021-03-17_RNAi-60071.25752-1_group1_segmentation.jpg,19,
2021-03-17_RNAi-60071.25752-1_group1_segmentation.jpg,20,
2021-03-17_RNAi-60071.25752-1_group1_segmentation.jpg,21,
2021-03-17_RNAi-60071.25752-1_group1_segmentation.jpg,29,
2021-03-17_RNAi-60071.25752-1_group1_segmentation.jpg,30,
2021-03-17_RNAi-60071.25752-1_group1_segmentation.jpg,31,
2021-03-17_RNAi-60071.25752-1_group1_segmentation.jpg,32,
2021-03-17_RNAi-60071.25752-1_group1_segmentation.jpg,33,
2021-03-18_RNAi-31167.25750-1_group2_segmentation.jpg,24,
2021-03-18_RNAi-31167.3954-1_group1_segmentation.jpg,20,
2021-03-18_RNAi-31167.3954-1_group1_segmentation.jpg,21,
2021-03-18_RNAi-31167.3954-1_group1_segmentation.jpg,22,
2021-03-18_RNAi-31167.3954-1_group1_segmentation.jpg,23,
2021-03-18_RNAi-31167.3954-1_group1_segmentation.jpg,24,
2021-03-18_RNAi-31167.3954-1_group1_segmentation.jpg,26,
2021-03-18_RNAi-31167.3954-1_group1_segmentation.jpg,27,
2021-03-18_RNAi-31167.3954-1_group1_segmentation.jpg,28,
2021-03-18_RNAi-31167.3954-1_group1_segmentation.jpg,29,
2021-03-18_RNAi-31167.3954-1_group1_segmentation.jpg,30,
2021-03-18_RNAi-35027.3954-1_group1_segmentation.jpg,20,
2021-03-18_RNAi-35027.3954-1_group1_segmentation.jpg,21,
2021-03-18_RNAi-35027.3954-1_group1_segmentation.jpg,22,
2021-03-18_RNAi-35027.3954-1_group1_segmentation.jpg,23,
2021-03-18_RNAi-35027.3954-1_group1_segmentation.jpg,24,
2021-03-18_RNAi-35027.3954-1_group1_segmentation.jpg,26,
2021-03-18_RNAi-35027.3954-1_group1_segmentation.jpg,27,
2021-03-18_RNAi-35027.3954-1_group1_segmentation.jpg,28,
2021-03-18_RNAi-35027.3954-1_group1_segmentation.jpg,29,
2021-03-18_RNAi-35027.3954-1_group1_segmentation.jpg,30,
2021-03-18_RNAi-35027.51941-1_group1_segmentation.jpg,17,
2021-03-18_RNAi-35027.51941-1_group1_segmentation.jpg,18,
2021-03-18_RNAi-35027.51941-1_group1_segmentation.jpg,19,
2021-03-18_RNAi-35027.51941-1_group1_segmentation.jpg,20,
2021-03-18_RNAi-35027.51941-1_group1_segmentation.jpg,21,
2021-03-18_RNAi-35027.51941-1_group1_segmentation.jpg,29,
2021-03-18_RNAi-35027.51941-1_group1_segmentation.jpg,30,
2021-03-18_RNAi-35027.51941-1_group1_segmentation.jpg,31,
2021-03-18_RNAi-35027.51941-1_group1_segmentation.jpg,32,
2021-03-18_RNAi-35027.51941-1_group1_segmentation.jpg,33,
2021-03-18_RNAi-60071.51941-1_group1_segmentation.jpg,20,
2021-03-18_RNAi-60071.51941-1_group1_segmentation.jpg,21,
2021-03-18_RNAi-60071.51941-1_group1_segmentation.jpg,22,
2021-03-18_RNAi-60071.51941-1_group1_segmentation.jpg,23,
2021-03-18_RNAi-60071.51941-1_group1_segmentation.jpg,24,
2021-03-18_RNAi-60071.51941-1_group1_segmentation.jpg,26,
2021-03-18_RNAi-60071.51941-1_group1_segmentation.jpg,27,
2021-03-18_RNAi-60071.51941-1_group1_segmentation.jpg,28,
2021-03-18_RNAi-60071.51941-1_group1_segmentation.jpg,29,
2021-03-18_RNAi-60071.51941-1_group1_segmentation.jpg,30,
2021-03-23_RNAi-32871.25750-1_group1_segmentation.jpg,17,
2021-03-23_RNAi-32871.25750-1_group1_segmentation.jpg,18,
2021-03-23_RNAi-32871.25750-1_group1_segmentation.jpg,19,
2021-03-23_RNAi-32871.25750-1_group1_segmentation.jpg,20,
2021-03-23_RNAi-32871.25750-1_group1_segmentation.jpg,21,
2021-03-23_RNAi-32871.25750-1_group1_segmentation.jpg,29,
2021-03-23_RNAi-32871.25750-1_group1_segmentation.jpg,30,
2021-03-23_RNAi-32871.25750-1_group1_segmentation.jpg,31,
2021-03-23_RNAi-32871.25750-1_group1_segmentation.jpg,32,
2021-03-23_RNAi-32871.25750-1_group1_segmentation.jpg,33,
2021-03-23_RNAi-32871.51941-1_group1_segmentation.jpg,17,
2021-03-23_RNAi-32871.51941-1_group1_segmentation.jpg,18,
2021-03-23_RNAi-32871.51941-1_group1_segmentation.jpg,19,
2021-03-23_RNAi-32871.51941-1_group1_segmentation.jpg,20,
2021-03-23_RNAi-32871.51941-1_group1_segmentation.jpg,21,
2021-03-23_RNAi-32871.51941-1_group1_segmentation.jpg,29,
2021-03-23_RNAi-32871.51941-1_group1_segmentation.jpg,30,
2021-03-23_RNAi-32871.51941-1_group1_segmentation.jpg,31,
2021-03-23_RNAi-32871.51941-1_group1_segmentation.jpg,32,
2021-03-23_RNAi-32871.51941-1_group1_segmentation.jpg,33,
2021-03-23_RNAi-33646.51941-1_group_segmentation.jpg,17,
2021-03-23_RNAi-33646.51941-1_group_segmentation.jpg,18,
2021-03-23_RNAi-33646.51941-1_group_segmentation.jpg,19,
2021-03-23_RNAi-33646.51941-1_group_segmentation.jpg,20,
2021-03-23_RNAi-33646.51941-1_group_segmentation.jpg,21,
2021-03-23_RNAi-33646.51941-1_group_segmentation.jpg,29,
2021-03-23_RNAi-33646.51941-1_group_segmentation.jpg,30,
2021-03-23_RNAi-33646.51941-1_group_segmentation.jpg,31,
2021-03-23_RNAi-33646.51941-1_group_segmentation.jpg,32,
2021-03-23_RNAi-33646.51941-1_group_segmentation.jpg,33,
2021-03-23_RNAi-36303-1_group1_segmentation.jpg,17,
2021-03-23_RNAi-36303-1_group1_segmentation.jpg,18,
2021-03-23_RNAi-36303-1_group1_segmentation.jpg,19,
2021-03-23_RNAi-36303-1_group1_segmentation.jpg,20,
2021-03-23_RNAi-36303-1_group1_segmentation.jpg,21,
2021-03-23_RNAi-36303-1_group1_segmentation.jpg,29,
2021-03-23_RNAi-36303-1_group1_segmentation.jpg,30,
2021-03-23_RNAi-36303-1_group1_segmentation.jpg,31,
2021-03-23_RNAi-36303-1_group1_segmentation.jpg,32,
2021-03-23_RNAi-36303-1_group1_segmentation.jpg,33,
2021-03-23_RNAi-51511.51941-1_group1_segmentation.jpg,17,
2021-03-23_RNAi-51511.51941-1_group1_segmentation.jpg,18,
2021-03-23_RNAi-51511.51941-1_group1_segmentation.jpg,19,
2021-03-23_RNAi-51511.51941-1_group1_segmentation.jpg,20,
2021-03-23_RNAi-51511.51941-1_group1_segmentation.jpg,21,
2021-03-23_RNAi-51511.51941-1_group1_segmentation.jpg,29,
2021-03-23_RNAi-51511.51941-1_group1_segmentation.jpg,30,
2021-03-23_RNAi-51511.51941-1_group1_segmentation.jpg,31,
2021-03-23_RNAi-51511.51941-1_group1_segmentation.jpg,32,
2021-03-23_RNAi-51511.51941-1_group1_segmentation.jpg,33,
2021-03-24_RNAi-32913.51941_group1_segmentation.jpg,17,
2021-03-24_RNAi-32913.51941_group1_segmentation.jpg,18,
2021-03-24_RNAi-32913.51941_group1_segmentation.jpg,19,
2021-03-24_RNAi-32913.51941_group1_segmentation.jpg,20,
2021-03-24_RNAi-32913.51941_group1_segmentation.jpg,21,
2021-03-24_RNAi-32913.51941_group1_segmentation.jpg,30,
2021-03-24_RNAi-32913.51941_group1_segmentation.jpg,31,
2021-03-24_RNAi-32913.51941_group1_segmentation.jpg,32,
2021-03-24_RNAi-32913.51941_group1_segmentation.jpg,33,
2021-03-24_RNAi-33646.25750_group1_segmentation.jpg,17,
2021-03-24_RNAi-33646.25750_group1_segmentation.jpg,18,
2021-03-24_RNAi-33646.25750_group1_segmentation.jpg,19,
2021-03-24_RNAi-33646.25750_group1_segmentation.jpg,20,
2021-03-24_RNAi-33646.25750_group1_segmentation.jpg,21,
2021-03-24_RNAi-33646.25750_group1_segmentation.jpg,29,
2021-03-24_RNAi-33646.25750_group1_segmentation.jpg,30,
2021-03-24_RNAi-33646.25750_group1_segmentation.jpg,31,
2021-03-24_RNAi-33646.25750_group1_segmentation.jpg,32,
2021-03-24_RNAi-33646.25750_group1_segmentation.jpg,33,
2021-03-25_RNAi-28306.3954-1_group1_segmentation.jpg,17,
2021-03-25_RNAi-28306.3954-1_group1_segmentation.jpg,18,
2021-03-25_RNAi-28306.3954-1_group1_segmentation.jpg,19,
2021-03-25_RNAi-28306.3954-1_group1_segmentation.jpg,20,
2021-03-25_RNAi-28306.3954-1_group1_segmentation.jpg,21,
2021-03-25_RNAi-28306.3954-1_group1_segmentation.jpg,29,
2021-03-25_RNAi-28306.3954-1_group1_segmentation.jpg,30,
2021-03-25_RNAi-28306.3954-1_group1_segmentation.jpg,31,
2021-03-25_RNAi-28306.3954-1_group1_segmentation.jpg,32,
2021-03-25_RNAi-28306.3954-1_group1_segmentation.jpg,33,
2021-03-25_RNAi-32871.3954-1_group1_segmentation.jpg,17,
2021-03-25_RNAi-32871.3954-1_group1_segmentation.jpg,18,
2021-03-25_RNAi-32871.3954-1_group1_segmentation.jpg,19,
2021-03-25_RNAi-32871.3954-1_group1_segmentation.jpg,20,
2021-03-25_RNAi-32871.3954-1_group1_segmentation.jpg,21,
2021-03-25_RNAi-32871.3954-1_group1_segmentation.jpg,29,
2021-03-25_RNAi-32871.3954-1_group1_segmentation.jpg,30,
2021-03-25_RNAi-32871.3954-1_group1_segmentation.jpg,31,
2021-03-25_RNAi-32871.3954-1_group1_segmentation.jpg,32,
2021-03-25_RNAi-32871.3954-1_group1_segmentation.jpg,33,
2021-03-25_RNAi-32913.25750-1_group1_segmentation.jpg,17,
2021-03-25_RNAi-32913.25750-1_group1_segmentation.jpg,18,
2021-03-25_RNAi-32913.25750-1_group1_segmentation.jpg,19,
2021-03-25_RNAi-32913.25750-1_group1_segmentation.jpg,20,
2021-03-25_RNAi-32913.25750-1_group1_segmentation.jpg,30,
2021-03-25_RNAi-32913.25750-1_group1_segmentation.jpg,31,
2021-03-25_RNAi-32913.25750-1_group1_segmentation.jpg,32,
2021-03-25_RNAi-32913.25750-1_group1_segmentation.jpg,33,
2021-03-25_RNAi-32913.51941-1_group2_segmentation.jpg,8,
2021-03-25_RNAi-33646.3954-1_group1_segmentation.jpg,17,
2021-03-25_RNAi-33646.3954-1_group1_segmentation.jpg,18,
2021-03-25_RNAi-33646.3954-1_group1_segmentation.jpg,19,
2021-03-25_RNAi-33646.3954-1_group1_segmentation.jpg,20,
2021-03-25_RNAi-33646.3954-1_group1_segmentation.jpg,29,
2021-03-25_RNAi-33646.3954-1_group1_segmentation.jpg,30,
2021-03-25_RNAi-33646.3954-1_group1_segmentation.jpg,31,
2021-03-25_RNAi-33646.3954-1_group1_segmentation.jpg,32,
2021-03-25_RNAi-33646.3954-1_group1_segmentation.jpg,33,
2021-03-26_RNAi-27657.25750-1_group1_segmentation.jpg,20,
2021-03-26_RNAi-27657.25750-1_group1_segmentation.jpg,21,
2021-03-26_RNAi-27657.25750-1_group1_segmentation.jpg,22,
2021-03-26_RNAi-27657.25750-1_group1_segmentation.jpg,23,
2021-03-26_RNAi-27657.25750-1_group1_segmentation.jpg,24,
2021-03-26_RNAi-27657.25750-1_group1_segmentation.jpg,26,
2021-03-26_RNAi-27657.25750-1_group1_segmentation.jpg,27,
2021-03-26_RNAi-27657.25750-1_group1_segmentation.jpg,28,
2021-03-26_RNAi-27657.25750-1_group1_segmentation.jpg,29,
2021-03-26_RNAi-27657.25750-1_group1_segmentation.jpg,30,
2021-03-26_RNAi-27657.3954-1_group1_segmentation.jpg,20,
2021-03-26_RNAi-27657.3954-1_group1_segmentation.jpg,21,
2021-03-26_RNAi-27657.3954-1_group1_segmentation.jpg,22,
2021-03-26_RNAi-27657.3954-1_group1_segmentation.jpg,23,
2021-03-26_RNAi-27657.3954-1_group1_segmentation.jpg,24,
2021-03-26_RNAi-27657.3954-1_group1_segmentation.jpg,26,
2021-03-26_RNAi-27657.3954-1_group1_segmentation.jpg,27,
2021-03-26_RNAi-27657.3954-1_group1_segmentation.jpg,28,
2021-03-26_RNAi-27657.3954-1_group1_segmentation.jpg,29,
2021-03-26_RNAi-27657.3954-1_group1_segmentation.jpg,30,
2021-03-26_RNAi-28306.25750-1_group1_segmentation.jpg,20,
2021-03-26_RNAi-28306.25750-1_group1_segmentation.jpg,21,
2021-03-26_RNAi-28306.25750-1_group1_segmentation.jpg,22,
2021-03-26_RNAi-28306.25750-1_group1_segmentation.jpg,23,
2021-03-26_RNAi-28306.25750-1_group1_segmentation.jpg,24,
2021-03-26_RNAi-28306.25750-1_group1_segmentation.jpg,26,
2021-03-26_RNAi-28306.25750-1_group1_segmentation.jpg,27,
2021-03-26_RNAi-28306.25750-1_group1_segmentation.jpg,28,
2021-03-26_RNAi-28306.25750-1_group1_segmentation.jpg,29,
2021-03-26_RNAi-28306.25750-1_group1_segmentation.jpg,30,
2021-03-26_RNAi-32913.25750-1_group2_segmentation.jpg,24,
2021-03-26_RNAi-32913.25750-1_group2_segmentation.jpg,26,
2021-03-26_RNAi-32913.3954-1_group1_segmentation.jpg,20,
2021-03-26_RNAi-32913.3954-1_group1_segmentation.jpg,21,
2021-03-26_RNAi-32913.3954-1_group1_segmentation.jpg,22,
2021-03-26_RNAi-32913.3954-1_group1_segmentation.jpg,23,
2021-03-26_RNAi-32913.3954-1_group1_segmentation.jpg,24,
2021-03-26_RNAi-32913.3954-1_group1_segmentation.jpg,26,
2021-03-26_RNAi-32913.3954-1_group1_segmentation.jpg,27,
2021-03-26_RNAi-32913.3954-1_group1_segmentation.jpg,28,
2021-03-26_RNAi-32913.3954-1_group1_segmentation.jpg,29,
2021-03-26_RNAi-32913.3954-1_group1_segmentation.jpg,30,
2021-03-26_RNAi-33646.3954-1_group2_segmentation.jpg,24,
2021-03-26_RNAi-33646.3954-1_group2_segmentation.jpg,26,
2021-03-26_RNAi-50656.25750-1_group1_segmentation.jpg,20,
2021-03-26_RNAi-50656.25750-1_group1_segmentation.jpg,21,
2021-03-26_RNAi-50656.25750-1_group1_segmentation.jpg,22,
2021-03-26_RNAi-50656.25750-1_group1_segmentation.jpg,23,
2021-03-26_RNAi-50656.25750-1_group1_segmentation.jpg,24,
2021-03-26_RNAi-50656.25750-1_group1_segmentation.jpg,26,
2021-03-26_RNAi-50656.25750-1_group1_segmentation.jpg,27,
2021-03-26_RNAi-50656.25750-1_group1_segmentation.jpg,28,
2021-03-26_RNAi-50656.25750-1_group1_segmentation.jpg,29,
2021-03-26_RNAi-50656.25750-1_group1_segmentation.jpg,30,
2021-03-26_RNAi-51511.25750-1_group1_segmentation.jpg,20,
2021-03-26_RNAi-51511.25750-1_group1_segmentation.jpg,21,
2021-03-26_RNAi-51511.25750-1_group1_segmentation.jpg,22,
2021-03-26_RNAi-51511.25750-1_group1_segmentation.jpg,23,
2021-03-26_RNAi-51511.25750-1_group1_segmentation.jpg,24,
2021-03-26_RNAi-51511.25750-1_group1_segmentation.jpg,26,
2021-03-26_RNAi-51511.25750-1_group1_segmentation.jpg,27,
2021-03-26_RNAi-51511.25750-1_group1_segmentation.jpg,28,
2021-03-26_RNAi-51511.25750-1_group1_segmentation.jpg,29,
2021-03-26_RNAi-51511.25750-1_group1_segmentation.jpg,30,
2021-03-26_RNAi-51511.3954-1_group1_segmentation.jpg,20,
2021-03-26_RNAi-51511.3954-1_group1_segmentation.jpg,21,
2021-03-26_RNAi-51511.3954-1_group1_segmentation.jpg,22,
2021-03-26_RNAi-51511.3954-1_group1_segmentation.jpg,23,
2021-03-26_RNAi-51511.3954-1_group1_segmentation.jpg,24,
2021-03-26_RNAi-51511.3954-1_group1_segmentation.jpg,26,
2021-03-26_RNAi-51511.3954-1_group1_segmentation.jpg,27,
2021-03-26_RNAi-51511.3954-1_group1_segmentation.jpg,28,
2021-03-26_RNAi-51511.3954-1_group1_segmentation.jpg,29,
2021-03-26_RNAi-51511.3954-1_group1_segmentation.jpg,30,
2021-03-30_RNAi-36304-1_group1_segmentation.jpg,17,
2021-03-30_RNAi-36304-1_group1_segmentation.jpg,18,
2021-03-30_RNAi-36304-1_group1_segmentation.jpg,19,
2021-03-30_RNAi-36304-1_group1_segmentation.jpg,20,
2021-03-30_RNAi-36304-1_group1_segmentation.jpg,21,
2021-03-30_RNAi-36304-1_group1_segmentation.jpg,29,
2021-03-30_RNAi-36304-1_group1_segmentation.jpg,30,
2021-03-30_RNAi-36304-1_group1_segmentation.jpg,31,
2021-03-30_RNAi-36304-1_group1_segmentation.jpg,32,
2021-03-30_RNAi-36304-1_group1_segmentation.jpg,33,
2021-03-30_RNAi-38523.51941-1_group1_segmentation.jpg,17,
2021-03-30_RNAi-38523.51941-1_group1_segmentation.jpg,18,
2021-03-30_RNAi-38523.51941-1_group1_segmentation.jpg,19,
2021-03-30_RNAi-38523.51941-1_group1_segmentation.jpg,20,
2021-03-30_RNAi-38523.51941-1_group1_segmentation.jpg,21,
2021-03-30_RNAi-38523.51941-1_group1_segmentation.jpg,29,
2021-03-30_RNAi-38523.51941-1_group1_segmentation.jpg,30,
2021-03-30_RNAi-38523.51941-1_group1_segmentation.jpg,31,
2021-03-30_RNAi-38523.51941-1_group1_segmentation.jpg,32,
2021-03-30_RNAi-38523.51941-1_group1_segmentation.jpg,33,
2021-03-30_RNAi-44425.51941-1_group1_segmentation.jpg,17,
2021-03-30_RNAi-44425.51941-1_group1_segmentation.jpg,18,
2021-03-30_RNAi-44425.51941-1_group1_segmentation.jpg,19,
2021-03-30_RNAi-44425.51941-1_group1_segmentation.jpg,20,
2021-03-30_RNAi-44425.51941-1_group1_segmentation.jpg,21,
2021-03-30_RNAi-44425.51941-1_group1_segmentation.jpg,29,
2021-03-30_RNAi-44425.51941-1_group1_segmentation.jpg,30,
2021-03-30_RNAi-44425.51941-1_group1_segmentation.jpg,31,
2021-03-30_RNAi-44425.51941-1_group1_segmentation.jpg,32,
2021-03-30_RNAi-44425.51941-1_group1_segmentation.jpg,33,
2021-03-30_RNAi-51411.51941-1_group1_segmentation.jpg,17,
2021-03-30_RNAi-51411.51941-1_group1_segmentation.jpg,18,
2021-03-30_RNAi-51411.51941-1_group1_segmentation.jpg,19,
2021-03-30_RNAi-51411.51941-1_group1_segmentation.jpg,20,
2021-03-30_RNAi-51411.51941-1_group1_segmentation.jpg,21,
2021-03-30_RNAi-51411.51941-1_group1_segmentation.jpg,29,
2021-03-30_RNAi-51411.51941-1_group1_segmentation.jpg,30,
2021-03-30_RNAi-51411.51941-1_group1_segmentation.jpg,31,
2021-03-30_RNAi-51411.51941-1_group1_segmentation.jpg,32,
2021-03-30_RNAi-51411.51941-1_group1_segmentation.jpg,33,
2021-03-30_RNAi-55183.51941-1_group1_segmentation.jpg,17,
2021-03-30_RNAi-55183.51941-1_group1_segmentation.jpg,18,
2021-03-30_RNAi-55183.51941-1_group1_segmentation.jpg,19,
2021-03-30_RNAi-55183.51941-1_group1_segmentation.jpg,20,
2021-03-30_RNAi-55183.51941-1_group1_segmentation.jpg,21,
2021-03-30_RNAi-55183.51941-1_group1_segmentation.jpg,29,
2021-03-30_RNAi-55183.51941-1_group1_segmentation.jpg,30,
2021-03-30_RNAi-55183.51941-1_group1_segmentation.jpg,31,
2021-03-30_RNAi-55183.51941-1_group1_segmentation.jpg,32,
2021-03-30_RNAi-55183.51941-1_group1_segmentation.jpg,33,
2021-03-30_RNAi-55316.51941-1_group1_segmentation.jpg,17,
2021-03-30_RNAi-55316.51941-1_group1_segmentation.jpg,18,
2021-03-30_RNAi-55316.51941-1_group1_segmentation.jpg,19,
2021-03-30_RNAi-55316.51941-1_group1_segmentation.jpg,20,
2021-03-30_RNAi-55316.51941-1_group1_segmentation.jpg,21,
2021-03-30_RNAi-55316.51941-1_group1_segmentation.jpg,29,
2021-03-30_RNAi-55316.51941-1_group1_segmentation.jpg,30,
2021-03-30_RNAi-55316.51941-1_group1_segmentation.jpg,31,
2021-03-30_RNAi-55316.51941-1_group1_segmentation.jpg,32,
2021-03-30_RNAi-55316.51941-1_group1_segmentation.jpg,33,
2021-03-30_RNAi-57526.51941-1_group1_segmentation.jpg,17,
2021-03-30_RNAi-57526.51941-1_group1_segmentation.jpg,18,
2021-03-30_RNAi-57526.51941-1_group1_segmentation.jpg,19,
2021-03-30_RNAi-57526.51941-1_group1_segmentation.jpg,20,
2021-03-30_RNAi-57526.51941-1_group1_segmentation.jpg,21,
2021-03-30_RNAi-57526.51941-1_group1_segmentation.jpg,29,
2021-03-30_RNAi-57526.51941-1_group1_segmentation.jpg,30,
2021-03-30_RNAi-57526.51941-1_group1_segmentation.jpg,31,
2021-03-30_RNAi-57526.51941-1_group1_segmentation.jpg,32,
2021-03-30_RNAi-57526.51941-1_group1_segmentation.jpg,33,
2021-03-30_RNAi-58111.51941-1_group1_segmentation.jpg,17,
2021-03-30_RNAi-58111.51941-1_group1_segmentation.jpg,18,
2021-03-30_RNAi-58111.51941-1_group1_segmentation.jpg,19,
2021-03-30_RNAi-58111.51941-1_group1_segmentation.jpg,20,
2021-03-30_RNAi-58111.51941-1_group1_segmentation.jpg,21,
2021-03-30_RNAi-58111.51941-1_group1_segmentation.jpg,29,
2021-03-30_RNAi-58111.51941-1_group1_segmentation.jpg,30,
2021-03-30_RNAi-58111.51941-1_group1_segmentation.jpg,31,
2021-03-30_RNAi-58111.51941-1_group1_segmentation.jpg,32,
2021-03-30_RNAi-58111.51941-1_group1_segmentation.jpg,33,
2021-03-30_RNAi-60074.51941-1_group1_segmentation.jpg,17,
2021-03-30_RNAi-60074.51941-1_group1_segmentation.jpg,18,
2021-03-30_RNAi-60074.51941-1_group1_segmentation.jpg,19,
2021-03-30_RNAi-60074.51941-1_group1_segmentation.jpg,20,
2021-03-30_RNAi-60074.51941-1_group1_segmentation.jpg,21,
2021-03-30_RNAi-60074.51941-1_group1_segmentation.jpg,29,
2021-03-30_RNAi-60074.51941-1_group1_segmentation.jpg,30,
2021-03-30_RNAi-60074.51941-1_group1_segmentation.jpg,31,
2021-03-30_RNAi-60074.51941-1_group1_segmentation.jpg,32,
2021-03-30_RNAi-60074.51941-1_group1_segmentation.jpg,33,
2021-03-30_RNAi-60119.51941-1_group1_segmentation.jpg,20,
2021-03-30_RNAi-60119.51941-1_group1_segmentation.jpg,21,
2021-03-30_RNAi-60119.51941-1_group1_segmentation.jpg,22,
2021-03-30_RNAi-60119.51941-1_group1_segmentation.jpg,23,
2021-03-30_RNAi-60119.51941-1_group1_segmentation.jpg,24,
2021-03-30_RNAi-60119.51941-1_group1_segmentation.jpg,26,
2021-03-30_RNAi-60119.51941-1_group1_segmentation.jpg,27,
2021-03-30_RNAi-60119.51941-1_group1_segmentation.jpg,28,
2021-03-30_RNAi-60119.51941-1_group1_segmentation.jpg,29,
2021-03-30_RNAi-60119.51941-1_group1_segmentation.jpg,30,
2021-03-30_RNAi-61174.51941-1_group1_segmentation.jpg,17,
2021-03-30_RNAi-61174.51941-1_group1_segmentation.jpg,18,
2021-03-30_RNAi-61174.51941-1_group1_segmentation.jpg,19,
2021-03-30_RNAi-61174.51941-1_group1_segmentation.jpg,20,
2021-03-30_RNAi-61174.51941-1_group1_segmentation.jpg,21,
2021-03-30_RNAi-61174.51941-1_group1_segmentation.jpg,29,
2021-03-30_RNAi-61174.51941-1_group1_segmentation.jpg,30,
2021-03-30_RNAi-61174.51941-1_group1_segmentation.jpg,31,
2021-03-30_RNAi-61174.51941-1_group1_segmentation.jpg,32,
2021-03-30_RNAi-61174.51941-1_group1_segmentation.jpg,33,
2021-03-31_RNAi-51411.3954-1_group1_segmentation.jpg,20,
2021-03-31_RNAi-51411.3954-1_group1_segmentation.jpg,21,
2021-03-31_RNAi-51411.3954-1_group1_segmentation.jpg,22,
2021-03-31_RNAi-51411.3954-1_group1_segmentation.jpg,23,
2021-03-31_RNAi-51411.3954-1_group1_segmentation.jpg,24,
2021-03-31_RNAi-51411.3954-1_group1_segmentation.jpg,26,
2021-03-31_RNAi-51411.3954-1_group1_segmentation.jpg,27,
2021-03-31_RNAi-51411.3954-1_group1_segmentation.jpg,28,
2021-03-31_RNAi-51411.3954-1_group1_segmentation.jpg,29,
2021-03-31_RNAi-51411.3954-1_group1_segmentation.jpg,30,
2021-04-01_RNAi-38523.25750-1_group1_segmentation.jpg,20,
2021-04-01_RNAi-38523.25750-1_group1_segmentation.jpg,21,
2021-04-01_RNAi-38523.25750-1_group1_segmentation.jpg,22,
2021-04-01_RNAi-38523.25750-1_group1_segmentation.jpg,23,
2021-04-01_RNAi-38523.25750-1_group1_segmentation.jpg,24,
2021-04-01_RNAi-38523.25750-1_group1_segmentation.jpg,26,
2021-04-01_RNAi-38523.25750-1_group1_segmentation.jpg,27,
2021-04-01_RNAi-38523.25750-1_group1_segmentation.jpg,28,
2021-04-01_RNAi-38523.25750-1_group1_segmentation.jpg,29,
2021-04-01_RNAi-38523.25750-1_group1_segmentation.jpg,30,
2021-04-01_RNAi-57526.3954-1_group1_segmentation.jpg,21,
2021-04-01_RNAi-57526.3954-1_group1_segmentation.jpg,22,
2021-04-01_RNAi-57526.3954-1_group1_segmentation.jpg,23,
2021-04-01_RNAi-57526.3954-1_group1_segmentation.jpg,24,
2021-04-01_RNAi-57526.3954-1_group1_segmentation.jpg,26,
2021-04-01_RNAi-57526.3954-1_group1_segmentation.jpg,27,
2021-04-01_RNAi-57526.3954-1_group1_segmentation.jpg,28,
2021-04-01_RNAi-57526.3954-1_group1_segmentation.jpg,29,
2021-04-01_RNAi-57526.3954-1_group1_segmentation.jpg,30,
2021-04-01_RNAi-58111.25750-1_group1_segmentation.jpg,20,
2021-04-01_RNAi-58111.25750-1_group1_segmentation.jpg,21,
2021-04-01_RNAi-58111.25750-1_group1_segmentation.jpg,22,
2021-04-01_RNAi-58111.25750-1_group1_segmentation.jpg,23,
2021-04-01_RNAi-58111.25750-1_group1_segmentation.jpg,24,
2021-04-01_RNAi-58111.25750-1_group1_segmentation.jpg,26,
2021-04-01_RNAi-58111.25750-1_group1_segmentation.jpg,27,
2021-04-01_RNAi-58111.25750-1_group1_segmentation.jpg,28,
2021-04-01_RNAi-58111.25750-1_group1_segmentation.jpg,29,
2021-04-01_RNAi-58111.25750-1_group1_segmentation.jpg,30,
2021-04-01_RNAi-60074.3954-1_group1_segmentation.jpg,21,
2021-04-01_RNAi-60074.3954-1_group1_segmentation.jpg,22,
2021-04-01_RNAi-60074.3954-1_group1_segmentation.jpg,23,
2021-04-01_RNAi-60074.3954-1_group1_segmentation.jpg,24,
2021-04-01_RNAi-60074.3954-1_group1_segmentation.jpg,26,
2021-04-01_RNAi-60074.3954-1_group1_segmentation.jpg,27,
2021-04-01_RNAi-60074.3954-1_group1_segmentation.jpg,28,
2021-04-01_RNAi-60074.3954-1_group1_segmentation.jpg,29,
2021-04-01_RNAi-60074.3954-1_group1_segmentation.jpg,30,
2021-04-01_RNAi-60119.25750-1_group1_segmentation.jpg,20,
2021-04-01_RNAi-60119.25750-1_group1_segmentation.jpg,21,
2021-04-01_RNAi-60119.25750-1_group1_segmentation.jpg,22,
2021-04-01_RNAi-60119.25750-1_group1_segmentation.jpg,23,
2021-04-01_RNAi-60119.25750-1_group1_segmentation.jpg,24,
2021-04-01_RNAi-60119.25750-1_group1_segmentation.jpg,26,
2021-04-01_RNAi-60119.25750-1_group1_segmentation.jpg,27,
2021-04-01_RNAi-60119.25750-1_group1_segmentation.jpg,28,
2021-04-01_RNAi-60119.25750-1_group1_segmentation.jpg,29,
2021-04-01_RNAi-60119.25750-1_group1_segmentation.jpg,30,
2021-04-01_RNAi-60119.3954-1_group1_segmentation.jpg,21,
2021-04-01_RNAi-60119.3954-1_group1_segmentation.jpg,22,
2021-04-01_RNAi-60119.3954-1_group1_segmentation.jpg,23,
2021-04-01_RNAi-60119.3954-1_group1_segmentation.jpg,24,
2021-04-01_RNAi-60119.3954-1_group1_segmentation.jpg,26,
2021-04-01_RNAi-60119.3954-1_group1_segmentation.jpg,27,
2021-04-01_RNAi-60119.3954-1_group1_segmentation.jpg,28,
2021-04-01_RNAi-60119.3954-1_group1_segmentation.jpg,29,
2021-04-01_RNAi-60119.3954-1_group1_segmentation.jpg,30,
2021-04-01_RNAi-61174.3954-1_group1_segmentation.jpg,20,
2021-04-01_RNAi-61174.3954-1_group1_segmentation.jpg,21,
2021-04-01_RNAi-61174.3954-1_group1_segmentation.jpg,22,
2021-04-01_RNAi-61174.3954-1_group1_segmentation.jpg,23,
2021-04-01_RNAi-61174.3954-1_group1_segmentation.jpg,24,
2021-04-01_RNAi-61174.3954-1_group1_segmentation.jpg,26,
2021-04-01_RNAi-61174.3954-1_group1_segmentation.jpg,27,
2021-04-01_RNAi-61174.3954-1_group1_segmentation.jpg,28,
2021-04-01_RNAi-61174.3954-1_group1_segmentation.jpg,29,
2021-04-01_RNAi-61174.3954-1_group1_segmentation.jpg,30,
2021-04-02_RNAi-61174.25750-1_group1_segmentation.jpg,20,
2021-04-02_RNAi-61174.25750-1_group1_segmentation.jpg,21,
2021-04-02_RNAi-61174.25750-1_group1_segmentation.jpg,22,
2021-04-02_RNAi-61174.25750-1_group1_segmentation.jpg,23,
2021-04-02_RNAi-61174.25750-1_group1_segmentation.jpg,24,
2021-04-02_RNAi-61174.25750-1_group1_segmentation.jpg,26,
2021-04-02_RNAi-61174.25750-1_group1_segmentation.jpg,27,
2021-04-02_RNAi-61174.25750-1_group1_segmentation.jpg,28,
2021-04-02_RNAi-61174.25750-1_group1_segmentation.jpg,29,
2021-04-02_RNAi-61174.25750-1_group1_segmentation.jpg,30,
2021-4-02_RNAi-38523.3954-1_group1_segmentation.jpg,2,
2021-4-02_RNAi-38523.3954-1_group1_segmentation.jpg,3,
2021-4-02_RNAi-38523.3954-1_group1_segmentation.jpg,4,
2021-4-02_RNAi-38523.3954-1_group1_segmentation.jpg,5,
2021-4-02_RNAi-38523.3954-1_group1_segmentation.jpg,6,
2021-4-02_RNAi-38523.3954-1_group1_segmentation.jpg,7,
2021-4-02_RNAi-38523.3954-1_group1_segmentation.jpg,8,
2021-4-02_RNAi-38523.3954-1_group1_segmentation.jpg,9,
2021-4-02_RNAi-38523.3954-1_group1_segmentation.jpg,10,
2021-4-02_RNAi-38523.3954-1_group1_segmentation.jpg,11,
2021-4-02_RNAi-44425.25750-1_group1_segmentation.jpg,19,
2021-4-02_RNAi-44425.25750-1_group1_segmentation.jpg,20,
2021-4-02_RNAi-44425.25750-1_group1_segmentation.jpg,21,
2021-4-02_RNAi-44425.25750-1_group1_segmentation.jpg,22,
2021-4-02_RNAi-44425.25750-1_group1_segmentation.jpg,23,
2021-4-02_RNAi-44425.25750-1_group1_segmentation.jpg,27,
2021-4-02_RNAi-44425.25750-1_group1_segmentation.jpg,28,
2021-4-02_RNAi-44425.25750-1_group1_segmentation.jpg,29,
2021-4-02_RNAi-44425.25750-1_group1_segmentation.jpg,30,
2021-4-02_RNAi-44425.25750-1_group1_segmentation.jpg,31,
2021-4-02_RNAi-44425.3954-1_group1_segmentation.jpg,19,
2021-4-02_RNAi-44425.3954-1_group1_segmentation.jpg,20,
2021-4-02_RNAi-44425.3954-1_group1_segmentation.jpg,21,
2021-4-02_RNAi-44425.3954-1_group1_segmentation.jpg,22,
2021-4-02_RNAi-44425.3954-1_group1_segmentation.jpg,23,
2021-4-02_RNAi-44425.3954-1_group1_segmentation.jpg,27,
2021-4-02_RNAi-44425.3954-1_group1_segmentation.jpg,28,
2021-4-02_RNAi-44425.3954-1_group1_segmentation.jpg,29,
2021-4-02_RNAi-44425.3954-1_group1_segmentation.jpg,30,
2021-4-02_RNAi-44425.3954-1_group1_segmentation.jpg,31,
2021-4-02_RNAi-51411.25750-1_group1_segmentation.jpg,0,
2021-4-02_RNAi-51411.25750-1_group1_segmentation.jpg,1,
2021-4-02_RNAi-51411.25750-1_group1_segmentation.jpg,2,
2021-4-02_RNAi-51411.25750-1_group1_segmentation.jpg,3,
2021-4-02_RNAi-51411.25750-1_group1_segmentation.jpg,4,
2021-4-02_RNAi-51411.25750-1_group1_segmentation.jpg,5,
2021-4-02_RNAi-51411.25750-1_group1_segmentation.jpg,6,
2021-4-02_RNAi-51411.25750-1_group1_segmentation.jpg,7,
2021-4-02_RNAi-51411.25750-1_group1_segmentation.jpg,8,
2021-4-02_RNAi-51411.25750-1_group1_segmentation.jpg,9,
2021-4-02_RNAi-55316.25750-1_group1_segmentation.jpg,19,
2021-4-02_RNAi-55316.25750-1_group1_segmentation.jpg,20,
2021-4-02_RNAi-55316.25750-1_group1_segmentation.jpg,21,
2021-4-02_RNAi-55316.25750-1_group1_segmentation.jpg,22,
2021-4-02_RNAi-55316.25750-1_group1_segmentation.jpg,23,
2021-4-02_RNAi-55316.25750-1_group1_segmentation.jpg,27,
2021-4-02_RNAi-55316.25750-1_group1_segmentation.jpg,28,
2021-4-02_RNAi-55316.25750-1_group1_segmentation.jpg,29,
2021-4-02_RNAi-55316.25750-1_group1_segmentation.jpg,30,
2021-4-02_RNAi-55316.25750-1_group1_segmentation.jpg,31,
2021-4-02_RNAi-57526.25750-1_group1_segmentation.jpg,19,
2021-4-02_RNAi-57526.25750-1_group1_segmentation.jpg,20,
2021-4-02_RNAi-57526.25750-1_group1_segmentation.jpg,21,
2021-4-02_RNAi-57526.25750-1_group1_segmentation.jpg,22,
2021-4-02_RNAi-57526.25750-1_group1_segmentation.jpg,23,
2021-4-02_RNAi-57526.25750-1_group1_segmentation.jpg,27,
2021-4-02_RNAi-57526.25750-1_group1_segmentation.jpg,28,
2021-4-02_RNAi-57526.25750-1_group1_segmentation.jpg,29,
2021-4-02_RNAi-57526.25750-1_group1_segmentation.jpg,30,
2021-4-02_RNAi-57526.25750-1_group1_segmentation.jpg,31,
2021-4-02_RNAi-57526.3954-1_group1_segmentation.jpg,19,
2021-4-02_RNAi-57526.3954-1_group1_segmentation.jpg,20,
2021-4-02_RNAi-57526.3954-1_group1_segmentation.jpg,21,
2021-4-02_RNAi-57526.3954-1_group1_segmentation.jpg,22,
2021-4-02_RNAi-57526.3954-1_group1_segmentation.jpg,23,
2021-4-02_RNAi-57526.3954-1_group1_segmentation.jpg,27,
2021-4-02_RNAi-57526.3954-1_group1_segmentation.jpg,28,
2021-4-02_RNAi-57526.3954-1_group1_segmentation.jpg,29,
2021-4-02_RNAi-57526.3954-1_group1_segmentation.jpg,30,
2021-4-02_RNAi-57526.3954-1_group1_segmentation.jpg,31,
2021-4-02_RNAi-58111.25750-1_group1_segmentation.jpg,19,
2021-4-02_RNAi-58111.25750-1_group1_segmentation.jpg,20,
2021-4-02_RNAi-58111.25750-1_group1_segmentation.jpg,21,
2021-4-02_RNAi-58111.25750-1_group1_segmentation.jpg,22,
2021-4-02_RNAi-58111.25750-1_group1_segmentation.jpg,23,
2021-4-02_RNAi-58111.25750-1_group1_segmentation.jpg,27,
2021-4-02_RNAi-58111.25750-1_group1_segmentation.jpg,28,
2021-4-02_RNAi-58111.25750-1_group1_segmentation.jpg,29,
2021-4-02_RNAi-58111.25750-1_group1_segmentation.jpg,30,
2021-4-02_RNAi-58111.25750-1_group1_segmentation.jpg,31,
2021-4-02_RNAi-58111.3954-1_group1_segmentation.jpg,20,
2021-4-02_RNAi-58111.3954-1_group1_segmentation.jpg,21,
2021-4-02_RNAi-58111.3954-1_group1_segmentation.jpg,22,
2021-4-02_RNAi-58111.3954-1_group1_segmentation.jpg,23,
2021-4-02_RNAi-58111.3954-1_group1_segmentation.jpg,27,
2021-4-02_RNAi-58111.3954-1_group1_segmentation.jpg,28,
2021-4-02_RNAi-58111.3954-1_group1_segmentation.jpg,29,
2021-4-02_RNAi-58111.3954-1_group1_segmentation.jpg,30,
2021-4-02_RNAi-60074.3954-1_group2_segmentation.jpg,27,
2021-4-02_RNAi-60074.25750-1_group1_segmentation.jpg,19,
2021-4-02_RNAi-60074.25750-1_group1_segmentation.jpg,20,
2021-4-02_RNAi-60074.25750-1_group1_segmentation.jpg,21,
2021-4-02_RNAi-60074.25750-1_group1_segmentation.jpg,22,
2021-4-02_RNAi-60074.25750-1_group1_segmentation.jpg,23,
2021-4-02_RNAi-60074.25750-1_group1_segmentation.jpg,27,
2021-4-02_RNAi-60074.25750-1_group1_segmentation.jpg,28,
2021-4-02_RNAi-60074.25750-1_group1_segmentation.jpg,29,
2021-4-02_RNAi-60074.25750-1_group1_segmentation.jpg,30,
2021-4-02_RNAi-60074.25750-1_group1_segmentation.jpg,31,
2021-4-02_RNAi-60119.3954-1_group2_segmentation.jpg,28,
2021-04-03_RNAi-55183.25750-1_group1_segmentation.jpg,20,
2021-04-03_RNAi-55183.25750-1_group1_segmentation.jpg,21,
2021-04-03_RNAi-55183.25750-1_group1_segmentation.jpg,22,
2021-04-03_RNAi-55183.25750-1_group1_segmentation.jpg,23,
2021-04-03_RNAi-55183.25750-1_group1_segmentation.jpg,24,
2021-04-03_RNAi-55183.25750-1_group1_segmentation.jpg,26,
2021-04-03_RNAi-55183.25750-1_group1_segmentation.jpg,27,
2021-04-03_RNAi-55183.25750-1_group1_segmentation.jpg,28,
2021-04-03_RNAi-55183.25750-1_group1_segmentation.jpg,29,
2021-04-03_RNAi-55183.25750-1_group1_segmentation.jpg,30,
2021-04-03_RNAi-55316.3954-1_group1_segmentation.jpg,20,
2021-04-03_RNAi-55316.3954-1_group1_segmentation.jpg,21,
2021-04-03_RNAi-55316.3954-1_group1_segmentation.jpg,22,
2021-04-03_RNAi-55316.3954-1_group1_segmentation.jpg,23,
2021-04-03_RNAi-55316.3954-1_group1_segmentation.jpg,24,
2021-04-03_RNAi-55316.3954-1_group1_segmentation.jpg,26,
2021-04-03_RNAi-55316.3954-1_group1_segmentation.jpg,27,
2021-04-03_RNAi-55316.3954-1_group1_segmentation.jpg,28,
2021-04-03_RNAi-55316.3954-1_group1_segmentation.jpg,29,
2021-04-03_RNAi-55316.3954-1_group1_segmentation.jpg,30,
2021-04-03_RNAi-58111.3954-1_group2_segmentation.jpg,24,
2021-04-03_RNAi-58111.3954-1_group2_segmentation.jpg,26,
2021-04-06_RNAi-27657.3954-1_group1_segmentation.jpg,17,
2021-04-06_RNAi-27657.3954-1_group1_segmentation.jpg,18,
2021-04-06_RNAi-27657.3954-1_group1_segmentation.jpg,19,
2021-04-06_RNAi-27657.3954-1_group1_segmentation.jpg,20,
2021-04-06_RNAi-27657.3954-1_group1_segmentation.jpg,21,
2021-04-06_RNAi-27657.3954-1_group1_segmentation.jpg,29,
2021-04-06_RNAi-27657.3954-1_group1_segmentation.jpg,30,
2021-04-06_RNAi-27657.3954-1_group1_segmentation.jpg,31,
2021-04-06_RNAi-27657.3954-1_group1_segmentation.jpg,32,
2021-04-06_RNAi-27657.3954-1_group1_segmentation.jpg,33,
2021-04-06_RNAi-32871.3954-1_group1_segmentation.jpg,17,off
2021-04-06_RNAi-32871.3954-1_group1_segmentation.jpg,18,
2021-04-06_RNAi-32871.3954-1_group1_segmentation.jpg,19,
2021-04-06_RNAi-32871.3954-1_group1_segmentation.jpg,20,
2021-04-06_RNAi-32871.3954-1_group1_segmentation.jpg,21,
2021-04-06_RNAi-32871.3954-1_group1_segmentation.jpg,29,
2021-04-06_RNAi-32871.3954-1_group1_segmentation.jpg,30,
2021-04-06_RNAi-32871.3954-1_group1_segmentation.jpg,31,
2021-04-06_RNAi-32871.3954-1_group1_segmentation.jpg,32,
2021-04-06_RNAi-32871.3954-1_group1_segmentation.jpg,33,
2021-04-06_RNAi-32871.25750-2_group1_segmentation.jpg,20,
2021-04-06_RNAi-32871.25750-2_group1_segmentation.jpg,21,
2021-04-06_RNAi-32871.25750-2_group1_segmentation.jpg,22,
2021-04-06_RNAi-32871.25750-2_group1_segmentation.jpg,23,
2021-04-06_RNAi-32871.25750-2_group1_segmentation.jpg,24,
2021-04-06_RNAi-32871.25750-2_group1_segmentation.jpg,26,
2021-04-06_RNAi-32871.25750-2_group1_segmentation.jpg,27,
2021-04-06_RNAi-32871.25750-2_group1_segmentation.jpg,28,
2021-04-06_RNAi-32871.25750-2_group1_segmentation.jpg,29,
2021-04-06_RNAi-32871.25750-2_group1_segmentation.jpg,30,
2021-04-06_RNAi-32871.3954-2_group1_segmentation.jpg,17,off
2021-04-06_RNAi-32871.3954-2_group1_segmentation.jpg,18,
2021-04-06_RNAi-32871.3954-2_group1_segmentation.jpg,19,
2021-04-06_RNAi-32871.3954-2_group1_segmentation.jpg,20,
2021-04-06_RNAi-32871.3954-2_group1_segmentation.jpg,21,
2021-04-06_RNAi-32871.3954-2_group1_segmentation.jpg,29,
2021-04-06_RNAi-32871.3954-2_group1_segmentation.jpg,30,
2021-04-06_RNAi-32871.3954-2_group1_segmentation.jpg,31,
2021-04-06_RNAi-32871.3954-2_group1_segmentation.jpg,32,
2021-04-06_RNAi-32871.3954-2_group1_segmentation.jpg,33,
2021-04-06_RNAi-32871.51941-2_group1_segmentation.jpg,17,
2021-04-06_RNAi-32871.51941-2_group1_segmentation.jpg,18,
2021-04-06_RNAi-32871.51941-2_group1_segmentation.jpg,19,
2021-04-06_RNAi-32871.51941-2_group1_segmentation.jpg,20,
2021-04-06_RNAi-32871.51941-2_group1_segmentation.jpg,21,
2021-04-06_RNAi-32871.51941-2_group1_segmentation.jpg,29,
2021-04-06_RNAi-32871.51941-2_group1_segmentation.jpg,30,
2021-04-06_RNAi-32871.51941-2_group1_segmentation.jpg,31,
2021-04-06_RNAi-32871.51941-2_group1_segmentation.jpg,32,
2021-04-06_RNAi-32871.51941-2_group1_segmentation.jpg,33,
2021-04-06_RNAi-33646.51941-2_group1_segmentation.jpg,20,
2021-04-06_RNAi-33646.51941-2_group1_segmentation.jpg,21,
2021-04-06_RNAi-33646.51941-2_group1_segmentation.jpg,22,
2021-04-06_RNAi-33646.51941-2_group1_segmentation.jpg,23,
2021-04-06_RNAi-33646.51941-2_group1_segmentation.jpg,24,
2021-04-06_RNAi-33646.51941-2_group1_segmentation.jpg,26,
2021-04-06_RNAi-33646.51941-2_group1_segmentation.jpg,27,
2021-04-06_RNAi-33646.51941-2_group1_segmentation.jpg,28,
2021-04-06_RNAi-33646.51941-2_group1_segmentation.jpg,29,
2021-04-06_RNAi-33646.51941-2_group1_segmentation.jpg,30,
2021-04-06_RNAi-35027.25750-2_group1_segmentation.jpg,17,
2021-04-06_RNAi-35027.25750-2_group1_segmentation.jpg,18,
2021-04-06_RNAi-35027.25750-2_group1_segmentation.jpg,19,
2021-04-06_RNAi-35027.25750-2_group1_segmentation.jpg,20,
2021-04-06_RNAi-35027.25750-2_group1_segmentation.jpg,21,
2021-04-06_RNAi-35027.25750-2_group1_segmentation.jpg,29,
2021-04-06_RNAi-35027.25750-2_group1_segmentation.jpg,30,
2021-04-06_RNAi-35027.25750-2_group1_segmentation.jpg,31,
2021-04-06_RNAi-35027.25750-2_group1_segmentation.jpg,32,
2021-04-06_RNAi-35027.25750-2_group1_segmentation.jpg,33,
2021-04-06_RNAi-35027.3954-1_group1_segmentation.jpg,17,
2021-04-06_RNAi-35027.3954-1_group1_segmentation.jpg,18,
2021-04-06_RNAi-35027.3954-1_group1_segmentation.jpg,19,
2021-04-06_RNAi-35027.3954-1_group1_segmentation.jpg,20,
2021-04-06_RNAi-35027.3954-1_group1_segmentation.jpg,21,
2021-04-06_RNAi-35027.3954-1_group1_segmentation.jpg,29,
2021-04-06_RNAi-35027.3954-1_group1_segmentation.jpg,30,
2021-04-06_RNAi-35027.3954-1_group1_segmentation.jpg,31,
2021-04-06_RNAi-35027.3954-1_group1_segmentation.jpg,32,
2021-04-06_RNAi-35027.3954-1_group1_segmentation.jpg,33,
2021-04-06_RNAi-35027.51941-2_group1_segmentation.jpg,17,
2021-04-06_RNAi-35027.51941-2_group1_segmentation.jpg,18,
2021-04-06_RNAi-35027.51941-2_group1_segmentation.jpg,19,
2021-04-06_RNAi-35027.51941-2_group1_segmentation.jpg,20,
2021-04-06_RNAi-35027.51941-2_group1_segmentation.jpg,21,
2021-04-06_RNAi-35027.51941-2_group1_segmentation.jpg,29,
2021-04-06_RNAi-35027.51941-2_group1_segmentation.jpg,30,
2021-04-06_RNAi-35027.51941-2_group1_segmentation.jpg,31,
2021-04-06_RNAi-35027.51941-2_group1_segmentation.jpg,32,
2021-04-06_RNAi-35027.51941-2_group1_segmentation.jpg,33,
2021-04-06_RNAi-38523.25750-2_group1_segmentation.jpg,17,
2021-04-06_RNAi-38523.25750-2_group1_segmentation.jpg,18,
2021-04-06_RNAi-38523.25750-2_group1_segmentation.jpg,19,
2021-04-06_RNAi-38523.25750-2_group1_segmentation.jpg,20,
2021-04-06_RNAi-38523.25750-2_group1_segmentation.jpg,21,
2021-04-06_RNAi-38523.25750-2_group1_segmentation.jpg,29,
2021-04-06_RNAi-38523.25750-2_group1_segmentation.jpg,30,
2021-04-06_RNAi-38523.25750-2_group1_segmentation.jpg,31,
2021-04-06_RNAi-38523.25750-2_group1_segmentation.jpg,32,
2021-04-06_RNAi-38523.25750-2_group1_segmentation.jpg,33,
2021-04-06_RNAi-38523.3954-2_group1_segmentation.jpg,20,
2021-04-06_RNAi-38523.3954-2_group1_segmentation.jpg,21,
2021-04-06_RNAi-38523.3954-2_group1_segmentation.jpg,22,
2021-04-06_RNAi-38523.3954-2_group1_segmentation.jpg,23,
2021-04-06_RNAi-38523.3954-2_group1_segmentation.jpg,24,
2021-04-06_RNAi-38523.3954-2_group1_segmentation.jpg,26,
2021-04-06_RNAi-38523.3954-2_group1_segmentation.jpg,27,
2021-04-06_RNAi-38523.3954-2_group1_segmentation.jpg,28,
2021-04-06_RNAi-38523.3954-2_group1_segmentation.jpg,29,
2021-04-06_RNAi-38523.3954-2_group1_segmentation.jpg,30,
2021-04-06_RNAi-38523.51941-1_group1_segmentation.jpg,17,
2021-04-06_RNAi-38523.51941-1_group1_segmentation.jpg,18,
2021-04-06_RNAi-38523.51941-1_group1_segmentation.jpg,19,
2021-04-06_RNAi-38523.51941-1_group1_segmentation.jpg,20,
2021-04-06_RNAi-38523.51941-1_group1_segmentation.jpg,21,
2021-04-06_RNAi-38523.51941-1_group1_segmentation.jpg,29,
2021-04-06_RNAi-38523.51941-1_group1_segmentation.jpg,30,
2021-04-06_RNAi-38523.51941-1_group1_segmentation.jpg,31,
2021-04-06_RNAi-38523.51941-1_group1_segmentation.jpg,32,
2021-04-06_RNAi-38523.51941-1_group1_segmentation.jpg,33,
2021-04-06_RNAi-51411.3954-2_group1_segmentation.jpg,20,
2021-04-06_RNAi-51411.3954-2_group1_segmentation.jpg,21,
2021-04-06_RNAi-51411.3954-2_group1_segmentation.jpg,22,
2021-04-06_RNAi-51411.3954-2_group1_segmentation.jpg,23,
2021-04-06_RNAi-51411.3954-2_group1_segmentation.jpg,24,
2021-04-06_RNAi-51411.3954-2_group1_segmentation.jpg,26,
2021-04-06_RNAi-51411.3954-2_group1_segmentation.jpg,27,
2021-04-06_RNAi-51411.3954-2_group1_segmentation.jpg,28,
2021-04-06_RNAi-51411.3954-2_group1_segmentation.jpg,29,
2021-04-06_RNAi-51411.3954-2_group1_segmentation.jpg,30,
2021-04-06_RNAi-51411.51941-2_group1_segmentation.jpg,20,
2021-04-06_RNAi-51411.51941-2_group1_segmentation.jpg,21,
2021-04-06_RNAi-51411.51941-2_group1_segmentation.jpg,22,
2021-04-06_RNAi-51411.51941-2_group1_segmentation.jpg,23,
2021-04-06_RNAi-51411.51941-2_group1_segmentation.jpg,24,
2021-04-06_RNAi-51411.51941-2_group1_segmentation.jpg,26,
2021-04-06_RNAi-51411.51941-2_group1_segmentation.jpg,27,
2021-04-06_RNAi-51411.51941-2_group1_segmentation.jpg,28,
2021-04-06_RNAi-51411.51941-2_group1_segmentation.jpg,29,
2021-04-06_RNAi-51411.51941-2_group1_segmentation.jpg,30,
2021-04-06_RNAi-55316.51941-1_group1_segmentation.jpg,17,
2021-04-06_RNAi-55316.51941-1_group1_segmentation.jpg,18,
2021-04-06_RNAi-55316.51941-1_group1_segmentation.jpg,19,
2021-04-06_RNAi-55316.51941-1_group1_segmentation.jpg,20,
2021-04-06_RNAi-55316.51941-1_group1_segmentation.jpg,21,
2021-04-06_RNAi-55316.51941-1_group1_segmentation.jpg,29,
2021-04-06_RNAi-55316.51941-1_group1_segmentation.jpg,30,
2021-04-06_RNAi-55316.51941-1_group1_segmentation.jpg,31,
2021-04-06_RNAi-55316.51941-1_group1_segmentation.jpg,32,
2021-04-06_RNAi-55316.51941-1_group1_segmentation.jpg,33,
2021-04-06_RNAi-60119.3954-2_group1_segmentation.jpg,17,
2021-04-06_RNAi-60119.3954-2_group1_segmentation.jpg,18,
2021-04-06_RNAi-60119.3954-2_group1_segmentation.jpg,19,
2021-04-06_RNAi-60119.3954-2_group1_segmentation.jpg,20,
2021-04-06_RNAi-60119.3954-2_group1_segmentation.jpg,21,
2021-04-06_RNAi-60119.3954-2_group1_segmentation.jpg,29,
2021-04-06_RNAi-60119.3954-2_group1_segmentation.jpg,30,
2021-04-06_RNAi-60119.3954-2_group1_segmentation.jpg,31,
2021-04-06_RNAi-60119.3954-2_group1_segmentation.jpg,32,
2021-04-06_RNAi-60119.3954-2_group1_segmentation.jpg,33,
2021-04-06_RNAi-60119.25750-1_group1_segmentation.jpg,17,
2021-04-06_RNAi-60119.25750-1_group1_segmentation.jpg,18,
2021-04-06_RNAi-60119.25750-1_group1_segmentation.jpg,19,
2021-04-06_RNAi-60119.25750-1_group1_segmentation.jpg,20,
2021-04-06_RNAi-60119.25750-1_group1_segmentation.jpg,21,
2021-04-06_RNAi-60119.25750-1_group1_segmentation.jpg,29,
2021-04-06_RNAi-60119.25750-1_group1_segmentation.jpg,30,
2021-04-06_RNAi-60119.25750-1_group1_segmentation.jpg,31,
2021-04-06_RNAi-60119.25750-1_group1_segmentation.jpg,32,
2021-04-06_RNAi-60119.25750-1_group1_segmentation.jpg,33,
2021-04-06_RNAi-60119.51941-2_group1_segmentation.jpg,17,
2021-04-06_RNAi-60119.51941-2_group1_segmentation.jpg,18,
2021-04-06_RNAi-60119.51941-2_group1_segmentation.jpg,19,
2021-04-06_RNAi-60119.51941-2_group1_segmentation.jpg,20,
2021-04-06_RNAi-60119.51941-2_group1_segmentation.jpg,21,
2021-04-06_RNAi-60119.51941-2_group1_segmentation.jpg,29,
2021-04-06_RNAi-60119.51941-2_group1_segmentation.jpg,30,
2021-04-06_RNAi-60119.51941-2_group1_segmentation.jpg,31,
2021-04-06_RNAi-60119.51941-2_group1_segmentation.jpg,32,
2021-04-06_RNAi-60119.51941-2_group1_segmentation.jpg,33,
2021-04-07_RNAi-28306.3954-2_group1_segmentation.jpg,20,
2021-04-07_RNAi-28306.3954-2_group1_segmentation.jpg,21,
2021-04-07_RNAi-28306.3954-2_group1_segmentation.jpg,22,
2021-04-07_RNAi-28306.3954-2_group1_segmentation.jpg,23,
2021-04-07_RNAi-28306.3954-2_group1_segmentation.jpg,24,
2021-04-07_RNAi-28306.3954-2_group1_segmentation.jpg,26,
2021-04-07_RNAi-28306.3954-2_group1_segmentation.jpg,27,
2021-04-07_RNAi-28306.3954-2_group1_segmentation.jpg,28,
2021-04-07_RNAi-28306.3954-2_group1_segmentation.jpg,29,
2021-04-07_RNAi-28306.3954-2_group1_segmentation.jpg,30,
2021-04-07_RNAi-28306.25750-2_group1_segmentation.jpg,20,
2021-04-07_RNAi-28306.25750-2_group1_segmentation.jpg,21,
2021-04-07_RNAi-28306.25750-2_group1_segmentation.jpg,22,
2021-04-07_RNAi-28306.25750-2_group1_segmentation.jpg,23,
2021-04-07_RNAi-28306.25750-2_group1_segmentation.jpg,24,
2021-04-07_RNAi-28306.25750-2_group1_segmentation.jpg,26,
2021-04-07_RNAi-28306.25750-2_group1_segmentation.jpg,27,
2021-04-07_RNAi-28306.25750-2_group1_segmentation.jpg,28,
2021-04-07_RNAi-28306.25750-2_group1_segmentation.jpg,29,
2021-04-07_RNAi-28306.25750-2_group1_segmentation.jpg,30,
2021-04-07_RNAi-31167.3954-2_group1_segmentation.jpg,20,
2021-04-07_RNAi-31167.3954-2_group1_segmentation.jpg,21,
2021-04-07_RNAi-31167.3954-2_group1_segmentation.jpg,22,
2021-04-07_RNAi-31167.3954-2_group1_segmentation.jpg,23,
2021-04-07_RNAi-31167.3954-2_group1_segmentation.jpg,24,
2021-04-07_RNAi-31167.3954-2_group1_segmentation.jpg,26,
2021-04-07_RNAi-31167.3954-2_group1_segmentation.jpg,27,
2021-04-07_RNAi-31167.3954-2_group1_segmentation.jpg,28,
2021-04-07_RNAi-31167.3954-2_group1_segmentation.jpg,29,
2021-04-07_RNAi-31167.3954-2_group1_segmentation.jpg,30,
2021-04-07_RNAi-31167.25750-2_group1_segmentation.jpg,20,
2021-04-07_RNAi-31167.25750-2_group1_segmentation.jpg,21,
2021-04-07_RNAi-31167.25750-2_group1_segmentation.jpg,22,
2021-04-07_RNAi-31167.25750-2_group1_segmentation.jpg,23,
2021-04-07_RNAi-31167.25750-2_group1_segmentation.jpg,24,
2021-04-07_RNAi-31167.25750-2_group1_segmentation.jpg,26,
2021-04-07_RNAi-31167.25750-2_group1_segmentation.jpg,27,
2021-04-07_RNAi-31167.25750-2_group1_segmentation.jpg,28,
2021-04-07_RNAi-31167.25750-2_group1_segmentation.jpg,29,
2021-04-07_RNAi-31167.25750-2_group1_segmentation.jpg,30,
2021-04-07_RNAi-32913.51941-2_group1_segmentation.jpg,20,
2021-04-07_RNAi-32913.51941-2_group1_segmentation.jpg,21,
2021-04-07_RNAi-32913.51941-2_group1_segmentation.jpg,22,
2021-04-07_RNAi-32913.51941-2_group1_segmentation.jpg,23,
2021-04-07_RNAi-32913.51941-2_group1_segmentation.jpg,24,
2021-04-07_RNAi-32913.51941-2_group1_segmentation.jpg,26,
2021-04-07_RNAi-32913.51941-2_group1_segmentation.jpg,27,
2021-04-07_RNAi-32913.51941-2_group1_segmentation.jpg,28,
2021-04-07_RNAi-32913.51941-2_group1_segmentation.jpg,29,
2021-04-07_RNAi-32913.51941-2_group1_segmentation.jpg,30,
2021-04-07_RNAi-33646.25750-2_group1_segmentation.jpg,20,
2021-04-07_RNAi-33646.25750-2_group1_segmentation.jpg,21,
2021-04-07_RNAi-33646.25750-2_group1_segmentation.jpg,22,
2021-04-07_RNAi-33646.25750-2_group1_segmentation.jpg,23,
2021-04-07_RNAi-33646.25750-2_group1_segmentation.jpg,24,
2021-04-07_RNAi-33646.25750-2_group1_segmentation.jpg,26,
2021-04-07_RNAi-33646.25750-2_group1_segmentation.jpg,27,
2021-04-07_RNAi-33646.25750-2_group1_segmentation.jpg,28,
2021-04-07_RNAi-33646.25750-2_group1_segmentation.jpg,29,
2021-04-07_RNAi-33646.25750-2_group1_segmentation.jpg,30,
2021-04-07_RNAi-51411.25750-2_group1_segmentation.jpg,20,
2021-04-07_RNAi-51411.25750-2_group1_segmentation.jpg,21,
2021-04-07_RNAi-51411.25750-2_group1_segmentation.jpg,22,
2021-04-07_RNAi-51411.25750-2_group1_segmentation.jpg,23,
2021-04-07_RNAi-51411.25750-2_group1_segmentation.jpg,24,
2021-04-07_RNAi-51411.25750-2_group1_segmentation.jpg,26,
2021-04-07_RNAi-51411.25750-2_group1_segmentation.jpg,27,
2021-04-07_RNAi-51411.25750-2_group1_segmentation.jpg,28,
2021-04-07_RNAi-51411.25750-2_group1_segmentation.jpg,29,
2021-04-07_RNAi-51411.25750-2_group1_segmentation.jpg,30,
2021-04-07_RNAi-51511.51941-2_group1_segmentation.jpg,20,
2021-04-07_RNAi-51511.51941-2_group1_segmentation.jpg,21,
2021-04-07_RNAi-51511.51941-2_group1_segmentation.jpg,22,
2021-04-07_RNAi-51511.51941-2_group1_segmentation.jpg,23,
2021-04-07_RNAi-51511.51941-2_group1_segmentation.jpg,24,
2021-04-07_RNAi-51511.51941-2_group1_segmentation.jpg,26,
2021-04-07_RNAi-51511.51941-2_group1_segmentation.jpg,27,
2021-04-07_RNAi-51511.51941-2_group1_segmentation.jpg,28,
2021-04-07_RNAi-51511.51941-2_group1_segmentation.jpg,29,
2021-04-07_RNAi-51511.51941-2_group1_segmentation.jpg,30,
2021-04-07_RNAi-60074.3954-2_group1_segmentation.jpg,20,
2021-04-07_RNAi-60074.3954-2_group1_segmentation.jpg,21,
2021-04-07_RNAi-60074.3954-2_group1_segmentation.jpg,22,
2021-04-07_RNAi-60074.3954-2_group1_segmentation.jpg,23,
2021-04-07_RNAi-60074.3954-2_group1_segmentation.jpg,24,
2021-04-07_RNAi-60074.3954-2_group1_segmentation.jpg,26,
2021-04-07_RNAi-60074.3954-2_group1_segmentation.jpg,27,
2021-04-07_RNAi-60074.3954-2_group1_segmentation.jpg,28,
2021-04-07_RNAi-60074.3954-2_group1_segmentation.jpg,29,
2021-04-07_RNAi-60074.3954-2_group1_segmentation.jpg,30,
2021-04-07_RNAi-60074.51941-2_group1_segmentation.jpg,20,
2021-04-07_RNAi-60074.51941-2_group1_segmentation.jpg,21,
2021-04-07_RNAi-60074.51941-2_group1_segmentation.jpg,22,
2021-04-07_RNAi-60074.51941-2_group1_segmentation.jpg,23,
2021-04-07_RNAi-60074.51941-2_group1_segmentation.jpg,24,
2021-04-07_RNAi-60074.51941-2_group1_segmentation.jpg,26,
2021-04-07_RNAi-60074.51941-2_group1_segmentation.jpg,27,
2021-04-07_RNAi-60074.51941-2_group1_segmentation.jpg,28,
2021-04-07_RNAi-60074.51941-2_group1_segmentation.jpg,29,
2021-04-07_RNAi-60074.51941-2_group1_segmentation.jpg,30,
2021-04-08_RNAi-27657.25750-2_group1_segmentation.jpg,20,
2021-04-08_RNAi-27657.25750-2_group1_segmentation.jpg,21,
2021-04-08_RNAi-27657.25750-2_group1_segmentation.jpg,22,
2021-04-08_RNAi-27657.25750-2_group1_segmentation.jpg,23,
2021-04-08_RNAi-27657.25750-2_group1_segmentation.jpg,24,
2021-04-08_RNAi-27657.25750-2_group1_segmentation.jpg,26,
2021-04-08_RNAi-27657.25750-2_group1_segmentation.jpg,27,
2021-04-08_RNAi-27657.25750-2_group1_segmentation.jpg,28,
2021-04-08_RNAi-27657.25750-2_group1_segmentation.jpg,29,
2021-04-08_RNAi-27657.25750-2_group1_segmentation.jpg,30,
2021-04-08_RNAi-32913.25750-2_group1_segmentation.jpg,20,
2021-04-08_RNAi-32913.25750-2_group1_segmentation.jpg,21,
2021-04-08_RNAi-32913.25750-2_group1_segmentation.jpg,22,
2021-04-08_RNAi-32913.25750-2_group1_segmentation.jpg,23,
2021-04-08_RNAi-32913.25750-2_group1_segmentation.jpg,24,
2021-04-08_RNAi-32913.25750-2_group1_segmentation.jpg,26,
2021-04-08_RNAi-32913.25750-2_group1_segmentation.jpg,27,
2021-04-08_RNAi-32913.25750-2_group1_segmentation.jpg,28,
2021-04-08_RNAi-32913.25750-2_group1_segmentation.jpg,29,
2021-04-08_RNAi-32913.25750-2_group1_segmentation.jpg,30,
2021-04-08_RNAi-33545.3954-2_group1_segmentation.jpg,20,
2021-04-08_RNAi-33545.3954-2_group1_segmentation.jpg,21,
2021-04-08_RNAi-33545.3954-2_group1_segmentation.jpg,22,
2021-04-08_RNAi-33545.3954-2_group1_segmentation.jpg,23,
2021-04-08_RNAi-33545.3954-2_group1_segmentation.jpg,24,
2021-04-08_RNAi-33545.3954-2_group1_segmentation.jpg,26,
2021-04-08_RNAi-33545.3954-2_group1_segmentation.jpg,27,
2021-04-08_RNAi-33545.3954-2_group1_segmentation.jpg,28,
2021-04-08_RNAi-33545.3954-2_group1_segmentation.jpg,29,
2021-04-08_RNAi-33545.3954-2_group1_segmentation.jpg,30,
2021-04-08_RNAi-50656.25750-2_group1_segmentation.jpg,20,
2021-04-08_RNAi-50656.25750-2_group1_segmentation.jpg,21,
2021-04-08_RNAi-50656.25750-2_group1_segmentation.jpg,22,
2021-04-08_RNAi-50656.25750-2_group1_segmentation.jpg,23,
2021-04-08_RNAi-50656.25750-2_group1_segmentation.jpg,24,
2021-04-08_RNAi-50656.25750-2_group1_segmentation.jpg,26,
2021-04-08_RNAi-50656.25750-2_group1_segmentation.jpg,27,
2021-04-08_RNAi-50656.25750-2_group1_segmentation.jpg,28,
2021-04-08_RNAi-50656.25750-2_group1_segmentation.jpg,29,
2021-04-08_RNAi-50656.25750-2_group1_segmentation.jpg,30,
2021-04-08_RNAi-51511.25750-2_group1_segmentation.jpg,20,
2021-04-08_RNAi-51511.25750-2_group1_segmentation.jpg,21,
2021-04-08_RNAi-51511.25750-2_group1_segmentation.jpg,22,
2021-04-08_RNAi-51511.25750-2_group1_segmentation.jpg,23,
2021-04-08_RNAi-51511.25750-2_group1_segmentation.jpg,24,
2021-04-08_RNAi-51511.25750-2_group1_segmentation.jpg,26,
2021-04-08_RNAi-51511.25750-2_group1_segmentation.jpg,27,
2021-04-08_RNAi-51511.25750-2_group1_segmentation.jpg,28,
2021-04-08_RNAi-51511.25750-2_group1_segmentation.jpg,29,
2021-04-08_RNAi-51511.25750-2_group1_segmentation.jpg,30,
2021-04-08_RNAi-55316.25750-2_group1_segmentation.jpg,20,
2021-04-08_RNAi-55316.25750-2_group1_segmentation.jpg,21,
2021-04-08_RNAi-55316.25750-2_group1_segmentation.jpg,22,
2021-04-08_RNAi-55316.25750-2_group1_segmentation.jpg,23,
2021-04-08_RNAi-55316.25750-2_group1_segmentation.jpg,24,
2021-04-08_RNAi-55316.25750-2_group1_segmentation.jpg,26,
2021-04-08_RNAi-55316.25750-2_group1_segmentation.jpg,27,
2021-04-08_RNAi-55316.25750-2_group1_segmentation.jpg,28,
2021-04-08_RNAi-55316.25750-2_group1_segmentation.jpg,29,
2021-04-08_RNAi-55316.25750-2_group1_segmentation.jpg,30,
2021-04-08_RNAi-60071.51941-2_group1_segmentation.jpg,20,
2021-04-08_RNAi-60071.51941-2_group1_segmentation.jpg,21,
2021-04-08_RNAi-60071.51941-2_group1_segmentation.jpg,22,
2021-04-08_RNAi-60071.51941-2_group1_segmentation.jpg,23,
2021-04-08_RNAi-60071.51941-2_group1_segmentation.jpg,24,
2021-04-08_RNAi-60071.51941-2_group1_segmentation.jpg,26,
2021-04-08_RNAi-60071.51941-2_group1_segmentation.jpg,27,
2021-04-08_RNAi-60071.51941-2_group1_segmentation.jpg,28,
2021-04-08_RNAi-60071.51941-2_group1_segmentation.jpg,29,
2021-04-08_RNAi-60071.51941-2_group1_segmentation.jpg,30,
2021-04-08_RNAi-60074.25750-2_group1_segmentation.jpg,20,
2021-04-08_RNAi-60074.25750-2_group1_segmentation.jpg,21,
2021-04-08_RNAi-60074.25750-2_group1_segmentation.jpg,22,
2021-04-08_RNAi-60074.25750-2_group1_segmentation.jpg,23,
2021-04-08_RNAi-60074.25750-2_group1_segmentation.jpg,24,
2021-04-08_RNAi-60074.25750-2_group1_segmentation.jpg,26,
2021-04-08_RNAi-60074.25750-2_group1_segmentation.jpg,27,
2021-04-08_RNAi-60074.25750-2_group1_segmentation.jpg,28,
2021-04-08_RNAi-60074.25750-2_group1_segmentation.jpg,29,
2021-04-08_RNAi-60074.25750-2_group1_segmentation.jpg,30,
2021-04-09_RNAi-36304-2_group1_segmentation.jpg,20,
2021-04-09_RNAi-36304-2_group1_segmentation.jpg,21,
2021-04-09_RNAi-36304-2_group1_segmentation.jpg,22,
2021-04-09_RNAi-36304-2_group1_segmentation.jpg,23,
2021-04-09_RNAi-36304-2_group1_segmentation.jpg,24,
2021-04-09_RNAi-36304-2_group1_segmentation.jpg,26,
2021-04-09_RNAi-36304-2_group1_segmentation.jpg,27,
2021-04-09_RNAi-36304-2_group1_segmentation.jpg,28,
2021-04-09_RNAi-36304-2_group1_segmentation.jpg,29,
2021-04-09_RNAi-36304-2_group1_segmentation.jpg,30,
2021-04-09_RNAi-55316.3954-2_group1_segmentation.jpg,20,
2021-04-09_RNAi-55316.3954-2_group1_segmentation.jpg,21,
2021-04-09_RNAi-55316.3954-2_group1_segmentation.jpg,22,
2021-04-09_RNAi-55316.3954-2_group1_segmentation.jpg,23,
2021-04-09_RNAi-55316.3954-2_group1_segmentation.jpg,24,
2021-04-09_RNAi-55316.3954-2_group1_segmentation.jpg,26,
2021-04-09_RNAi-55316.3954-2_group1_segmentation.jpg,27,
2021-04-09_RNAi-55316.3954-2_group1_segmentation.jpg,28,
2021-04-09_RNAi-55316.3954-2_group1_segmentation.jpg,29,
2021-04-09_RNAi-55316.3954-2_group1_segmentation.jpg,30,
2021-04-09_RNAi-60071.25750-2_group1_segmentation.jpg,20,
2021-04-09_RNAi-60071.25750-2_group1_segmentation.jpg,21,
2021-04-09_RNAi-60071.25750-2_group1_segmentation.jpg,22,
2021-04-09_RNAi-60071.25750-2_group1_segmentation.jpg,23,
2021-04-09_RNAi-60071.25750-2_group1_segmentation.jpg,24,
2021-04-09_RNAi-60071.25750-2_group1_segmentation.jpg,26,
2021-04-09_RNAi-60071.25750-2_group1_segmentation.jpg,27,
2021-04-09_RNAi-60071.25750-2_group1_segmentation.jpg,28,
2021-04-09_RNAi-60071.25750-2_group1_segmentation.jpg,29,
2021-04-09_RNAi-60071.25750-2_group1_segmentation.jpg,30,
2021-04-10_RNAi-60071.3954-2_group1_segmentation.jpg,20,
2021-04-10_RNAi-60071.3954-2_group1_segmentation.jpg,21,
2021-04-10_RNAi-60071.3954-2_group1_segmentation.jpg,22,
2021-04-10_RNAi-60071.3954-2_group1_segmentation.jpg,23,
2021-04-10_RNAi-60071.3954-2_group1_segmentation.jpg,24,
2021-04-10_RNAi-60071.3954-2_group1_segmentation.jpg,26,
2021-04-10_RNAi-60071.3954-2_group1_segmentation.jpg,27,
2021-04-10_RNAi-60071.3954-2_group1_segmentation.jpg,28,
2021-04-10_RNAi-60071.3954-2_group1_segmentation.jpg,29,
2021-04-10_RNAi-60071.3954-2_group1_segmentation.jpg,30,
2021-04-13_RNAi-32871.25750-3_group1_segmentation.jpg,17,
2021-04-13_RNAi-32871.25750-3_group1_segmentation.jpg,18,
2021-04-13_RNAi-32871.25750-3_group1_segmentation.jpg,19,
2021-04-13_RNAi-32871.25750-3_group1_segmentation.jpg,20,
2021-04-13_RNAi-32871.25750-3_group1_segmentation.jpg,21,
2021-04-13_RNAi-32871.25750-3_group1_segmentation.jpg,29,
2021-04-13_RNAi-32871.25750-3_group1_segmentation.jpg,30,
2021-04-13_RNAi-32871.25750-3_group1_segmentation.jpg,31,
2021-04-13_RNAi-32871.25750-3_group1_segmentation.jpg,32,
2021-04-13_RNAi-32871.25750-3_group1_segmentation.jpg,33,
2021-04-13_RNAi-32871.51941-3_group1_segmentation.jpg,17,
2021-04-13_RNAi-32871.51941-3_group1_segmentation.jpg,18,
2021-04-13_RNAi-32871.51941-3_group1_segmentation.jpg,19,
2021-04-13_RNAi-32871.51941-3_group1_segmentation.jpg,20,
2021-04-13_RNAi-32871.51941-3_group1_segmentation.jpg,21,
2021-04-13_RNAi-32871.51941-3_group1_segmentation.jpg,29,
2021-04-13_RNAi-32871.51941-3_group1_segmentation.jpg,30,
2021-04-13_RNAi-32871.51941-3_group1_segmentation.jpg,31,
2021-04-13_RNAi-32871.51941-3_group1_segmentation.jpg,32,
2021-04-13_RNAi-32871.51941-3_group1_segmentation.jpg,33,
2021-04-13_RNAi-33646.51941-3_group1_segmentation.jpg,17,
2021-04-13_RNAi-33646.51941-3_group1_segmentation.jpg,18,
2021-04-13_RNAi-33646.51941-3_group1_segmentation.jpg,19,
2021-04-13_RNAi-33646.51941-3_group1_segmentation.jpg,20,
2021-04-13_RNAi-33646.51941-3_group1_segmentation.jpg,21,
2021-04-13_RNAi-33646.51941-3_group1_segmentation.jpg,29,
2021-04-13_RNAi-33646.51941-3_group1_segmentation.jpg,30,
2021-04-13_RNAi-33646.51941-3_group1_segmentation.jpg,31,
2021-04-13_RNAi-33646.51941-3_group1_segmentation.jpg,32,
2021-04-13_RNAi-33646.51941-3_group1_segmentation.jpg,33,
2021-04-13_RNAi-35027.25750-3_group1_segmentation.jpg,17,
2021-04-13_RNAi-35027.25750-3_group1_segmentation.jpg,18,
2021-04-13_RNAi-35027.25750-3_group1_segmentation.jpg,19,
2021-04-13_RNAi-35027.25750-3_group1_segmentation.jpg,20,
2021-04-13_RNAi-35027.25750-3_group1_segmentation.jpg,21,
2021-04-13_RNAi-35027.25750-3_group1_segmentation.jpg,29,
2021-04-13_RNAi-35027.25750-3_group1_segmentation.jpg,30,
2021-04-13_RNAi-35027.25750-3_group1_segmentation.jpg,31,
2021-04-13_RNAi-35027.25750-3_group1_segmentation.jpg,32,
2021-04-13_RNAi-35027.25750-3_group1_segmentation.jpg,33,
2021-04-13_RNAi-36303-3_group1_segmentation.jpg,17,
2021-04-13_RNAi-36303-3_group1_segmentation.jpg,18,
2021-04-13_RNAi-36303-3_group1_segmentation.jpg,19,
2021-04-13_RNAi-36303-3_group1_segmentation.jpg,20,
2021-04-13_RNAi-36303-3_group1_segmentation.jpg,21,
2021-04-13_RNAi-36303-3_group1_segmentation.jpg,29,
2021-04-13_RNAi-36303-3_group1_segmentation.jpg,30,
2021-04-13_RNAi-36303-3_group1_segmentation.jpg,31,
2021-04-13_RNAi-36303-3_group1_segmentation.jpg,32,
2021-04-13_RNAi-36303-3_group1_segmentation.jpg,33,
2021-04-14_RNAi-32913.51941-3_group1_segmentation.jpg,17,
2021-04-14_RNAi-32913.51941-3_group1_segmentation.jpg,18,
2021-04-14_RNAi-32913.51941-3_group1_segmentation.jpg,19,
2021-04-14_RNAi-32913.51941-3_group1_segmentation.jpg,20,
2021-04-14_RNAi-32913.51941-3_group1_segmentation.jpg,30,
2021-04-14_RNAi-32913.51941-3_group1_segmentation.jpg,31,
2021-04-14_RNAi-32913.51941-3_group1_segmentation.jpg,32,
2021-04-14_RNAi-32913.51941-3_group1_segmentation.jpg,33,
2021-04-14_RNAi-35027.25750-3_group2_segmentation.jpg,17,
2021-04-14_RNAi-35027.25750-3_group2_segmentation.jpg,18,
2021-04-14_RNAi-35027.25750-3_group2_segmentation.jpg,19,
2021-04-14_RNAi-35027.25750-3_group2_segmentation.jpg,20,
2021-04-14_RNAi-35027.25750-3_group2_segmentation.jpg,21,
2021-04-14_RNAi-35027.25750-3_group2_segmentation.jpg,29,
2021-04-14_RNAi-35027.25750-3_group2_segmentation.jpg,30,
2021-04-14_RNAi-35027.25750-3_group2_segmentation.jpg,31,
2021-04-14_RNAi-35027.25750-3_group2_segmentation.jpg,32,
2021-04-14_RNAi-35027.25750-3_group2_segmentation.jpg,33,
2021-04-14_RNAi-35027.51941-3_group1_segmentation.jpg,17,
2021-04-14_RNAi-35027.51941-3_group1_segmentation.jpg,18,
2021-04-14_RNAi-35027.51941-3_group1_segmentation.jpg,19,
2021-04-14_RNAi-35027.51941-3_group1_segmentation.jpg,20,
2021-04-14_RNAi-35027.51941-3_group1_segmentation.jpg,21,
2021-04-14_RNAi-35027.51941-3_group1_segmentation.jpg,29,
2021-04-14_RNAi-35027.51941-3_group1_segmentation.jpg,30,
2021-04-14_RNAi-35027.51941-3_group1_segmentation.jpg,31,
2021-04-14_RNAi-35027.51941-3_group1_segmentation.jpg,32,
2021-04-14_RNAi-35027.51941-3_group1_segmentation.jpg,33,
2021-04-14_RNAi-36304-2_group1_segmentation.jpg,20,
2021-04-14_RNAi-36304-2_group1_segmentation.jpg,21,
2021-04-14_RNAi-36304-2_group1_segmentation.jpg,22,
2021-04-14_RNAi-36304-2_group1_segmentation.jpg,23,
2021-04-14_RNAi-36304-2_group1_segmentation.jpg,24,
2021-04-14_RNAi-36304-2_group1_segmentation.jpg,26,
2021-04-14_RNAi-36304-2_group1_segmentation.jpg,27,
2021-04-14_RNAi-36304-2_group1_segmentation.jpg,28,
2021-04-14_RNAi-36304-2_group1_segmentation.jpg,29,
2021-04-14_RNAi-36304-2_group1_segmentation.jpg,30,
2021-04-14_RNAi-55183.25750-2_group1_segmentation.jpg,20,
2021-04-14_RNAi-55183.25750-2_group1_segmentation.jpg,21,
2021-04-14_RNAi-55183.25750-2_group1_segmentation.jpg,22,
2021-04-14_RNAi-55183.25750-2_group1_segmentation.jpg,23,
2021-04-14_RNAi-55183.25750-2_group1_segmentation.jpg,24,
2021-04-14_RNAi-55183.25750-2_group1_segmentation.jpg,26,
2021-04-14_RNAi-55183.25750-2_group1_segmentation.jpg,27,
2021-04-14_RNAi-55183.25750-2_group1_segmentation.jpg,28,
2021-04-14_RNAi-55183.25750-2_group1_segmentation.jpg,29,
2021-04-14_RNAi-55183.25750-2_group1_segmentation.jpg,30,
2021-04-14_RNAi-55183.51941-2_group1_segmentation.jpg,20,
2021-04-14_RNAi-55183.51941-2_group1_segmentation.jpg,21,
2021-04-14_RNAi-55183.51941-2_group1_segmentation.jpg,22,
2021-04-14_RNAi-55183.51941-2_group1_segmentation.jpg,23,
2021-04-14_RNAi-55183.51941-2_group1_segmentation.jpg,24,
2021-04-14_RNAi-55183.51941-2_group1_segmentation.jpg,26,
2021-04-14_RNAi-55183.51941-2_group1_segmentation.jpg,27,
2021-04-14_RNAi-55183.51941-2_group1_segmentation.jpg,28,
2021-04-14_RNAi-55183.51941-2_group1_segmentation.jpg,29,
2021-04-14_RNAi-55183.51941-2_group1_segmentation.jpg,30,
2021-04-14_RNAi-57526.3954-2_group1_segmentation.jpg,20,
2021-04-14_RNAi-57526.3954-2_group1_segmentation.jpg,21,
2021-04-14_RNAi-57526.3954-2_group1_segmentation.jpg,22,
2021-04-14_RNAi-57526.3954-2_group1_segmentation.jpg,23,
2021-04-14_RNAi-57526.3954-2_group1_segmentation.jpg,24,
2021-04-14_RNAi-57526.3954-2_group1_segmentation.jpg,26,
2021-04-14_RNAi-57526.3954-2_group1_segmentation.jpg,27,
2021-04-14_RNAi-57526.3954-2_group1_segmentation.jpg,28,
2021-04-14_RNAi-57526.3954-2_group1_segmentation.jpg,29,
2021-04-14_RNAi-57526.3954-2_group1_segmentation.jpg,30,
2021-04-14_RNAi-57526.25750-2_group1_segmentation.jpg,17,
2021-04-14_RNAi-57526.25750-2_group1_segmentation.jpg,18,
2021-04-14_RNAi-57526.25750-2_group1_segmentation.jpg,19,
2021-04-14_RNAi-57526.25750-2_group1_segmentation.jpg,20,
2021-04-14_RNAi-57526.25750-2_group1_segmentation.jpg,21,
2021-04-14_RNAi-57526.25750-2_group1_segmentation.jpg,29,
2021-04-14_RNAi-57526.25750-2_group1_segmentation.jpg,30,
2021-04-14_RNAi-57526.25750-2_group1_segmentation.jpg,31,
2021-04-14_RNAi-57526.25750-2_group1_segmentation.jpg,32,
2021-04-14_RNAi-57526.25750-2_group1_segmentation.jpg,33,
2021-04-14_RNAi-57526.51941-2_group1_segmentation.jpg,20,
2021-04-14_RNAi-57526.51941-2_group1_segmentation.jpg,21,
2021-04-14_RNAi-57526.51941-2_group1_segmentation.jpg,22,
2021-04-14_RNAi-57526.51941-2_group1_segmentation.jpg,23,
2021-04-14_RNAi-57526.51941-2_group1_segmentation.jpg,24,
2021-04-14_RNAi-57526.51941-2_group1_segmentation.jpg,26,
2021-04-14_RNAi-57526.51941-2_group1_segmentation.jpg,27,
2021-04-14_RNAi-57526.51941-2_group1_segmentation.jpg,28,
2021-04-14_RNAi-57526.51941-2_group1_segmentation.jpg,29,
2021-04-14_RNAi-57526.51941-2_group1_segmentation.jpg,30,
2021-04-14_RNAi-61174.3954-2_group1_segmentation.jpg,20,
2021-04-14_RNAi-61174.3954-2_group1_segmentation.jpg,21,
2021-04-14_RNAi-61174.3954-2_group1_segmentation.jpg,22,
2021-04-14_RNAi-61174.3954-2_group1_segmentation.jpg,23,
2021-04-14_RNAi-61174.3954-2_group1_segmentation.jpg,24,
2021-04-14_RNAi-61174.3954-2_group1_segmentation.jpg,26,
2021-04-14_RNAi-61174.3954-2_group1_segmentation.jpg,27,
2021-04-14_RNAi-61174.3954-2_group1_segmentation.jpg,28,
2021-04-14_RNAi-61174.3954-2_group1_segmentation.jpg,29,
2021-04-14_RNAi-61174.3954-2_group1_segmentation.jpg,30,
2021-04-14_RNAi-61174.25750-2_group1_segmentation.jpg,17,
2021-04-14_RNAi-61174.25750-2_group1_segmentation.jpg,18,
2021-04-14_RNAi-61174.25750-2_group1_segmentation.jpg,19,
2021-04-14_RNAi-61174.25750-2_group1_segmentation.jpg,20,
2021-04-14_RNAi-61174.25750-2_group1_segmentation.jpg,21,
2021-04-14_RNAi-61174.25750-2_group1_segmentation.jpg,29,
2021-04-14_RNAi-61174.25750-2_group1_segmentation.jpg,30,
2021-04-14_RNAi-61174.25750-2_group1_segmentation.jpg,31,
2021-04-14_RNAi-61174.25750-2_group1_segmentation.jpg,32,
2021-04-14_RNAi-61174.25750-2_group1_segmentation.jpg,33,
2021-04-14_RNAi-61174.51941-2_group1_segmentation.jpg,21,
2021-04-14_RNAi-61174.51941-2_group1_segmentation.jpg,22,
2021-04-14_RNAi-61174.51941-2_group1_segmentation.jpg,23,
2021-04-14_RNAi-61174.51941-2_group1_segmentation.jpg,24,
2021-04-14_RNAi-61174.51941-2_group1_segmentation.jpg,26,
2021-04-14_RNAi-61174.51941-2_group1_segmentation.jpg,27,
2021-04-14_RNAi-61174.51941-2_group1_segmentation.jpg,28,
2021-04-14_RNAi-61174.51941-2_group1_segmentation.jpg,29,
2021-04-15_RNAi-27657.25750-3_group1_segmentation.jpg,17,
2021-04-15_RNAi-27657.25750-3_group1_segmentation.jpg,18,
2021-04-15_RNAi-27657.25750-3_group1_segmentation.jpg,19,
2021-04-15_RNAi-27657.25750-3_group1_segmentation.jpg,20,
2021-04-15_RNAi-27657.25750-3_group1_segmentation.jpg,21,
2021-04-15_RNAi-27657.25750-3_group1_segmentation.jpg,29,
2021-04-15_RNAi-27657.25750-3_group1_segmentation.jpg,30,
2021-04-15_RNAi-27657.25750-3_group1_segmentation.jpg,31,
2021-04-15_RNAi-27657.25750-3_group1_segmentation.jpg,32,
2021-04-15_RNAi-27657.25750-3_group1_segmentation.jpg,33,
2021-04-15_RNAi-28306.25750-3_group1_segmentation.jpg,17,
2021-04-15_RNAi-28306.25750-3_group1_segmentation.jpg,18,
2021-04-15_RNAi-28306.25750-3_group1_segmentation.jpg,19,
2021-04-15_RNAi-28306.25750-3_group1_segmentation.jpg,20,
2021-04-15_RNAi-28306.25750-3_group1_segmentation.jpg,21,
2021-04-15_RNAi-28306.25750-3_group1_segmentation.jpg,29,
2021-04-15_RNAi-28306.25750-3_group1_segmentation.jpg,30,
2021-04-15_RNAi-28306.25750-3_group1_segmentation.jpg,31,
2021-04-15_RNAi-28306.25750-3_group1_segmentation.jpg,32,
2021-04-15_RNAi-28306.25750-3_group1_segmentation.jpg,33,
2021-04-15_RNAi-28306.3954-3_group1_segmentation.jpg,17,
2021-04-15_RNAi-28306.3954-3_group1_segmentation.jpg,18,
2021-04-15_RNAi-28306.3954-3_group1_segmentation.jpg,19,
2021-04-15_RNAi-28306.3954-3_group1_segmentation.jpg,20,
2021-04-15_RNAi-28306.3954-3_group1_segmentation.jpg,30,
2021-04-15_RNAi-28306.3954-3_group1_segmentation.jpg,31,
2021-04-15_RNAi-28306.3954-3_group1_segmentation.jpg,32,
2021-04-15_RNAi-28306.3954-3_group1_segmentation.jpg,33,
2021-04-15_RNAi-31167.25750-3_group1_segmentation.jpg,17,
2021-04-15_RNAi-31167.25750-3_group1_segmentation.jpg,18,
2021-04-15_RNAi-31167.25750-3_group1_segmentation.jpg,19,
2021-04-15_RNAi-31167.25750-3_group1_segmentation.jpg,20,
2021-04-15_RNAi-31167.25750-3_group1_segmentation.jpg,21,
2021-04-15_RNAi-31167.25750-3_group1_segmentation.jpg,29,
2021-04-15_RNAi-31167.25750-3_group1_segmentation.jpg,30,
2021-04-15_RNAi-31167.25750-3_group1_segmentation.jpg,31,
2021-04-15_RNAi-31167.25750-3_group1_segmentation.jpg,32,
2021-04-15_RNAi-31167.25750-3_group1_segmentation.jpg,33,
2021-04-15_RNAi-31167.3954-3_group1_segmentation.jpg,17,
2021-04-15_RNAi-31167.3954-3_group1_segmentation.jpg,18,
2021-04-15_RNAi-31167.3954-3_group1_segmentation.jpg,19,
2021-04-15_RNAi-31167.3954-3_group1_segmentation.jpg,20,
2021-04-15_RNAi-31167.3954-3_group1_segmentation.jpg,21,
2021-04-15_RNAi-31167.3954-3_group1_segmentation.jpg,29,
2021-04-15_RNAi-31167.3954-3_group1_segmentation.jpg,30,
2021-04-15_RNAi-31167.3954-3_group1_segmentation.jpg,31,
2021-04-15_RNAi-31167.3954-3_group1_segmentation.jpg,32,
2021-04-15_RNAi-31167.3954-3_group1_segmentation.jpg,33,
2021-04-15_RNAi-33646.25750-3_group1_segmentation.jpg,17,
2021-04-15_RNAi-33646.25750-3_group1_segmentation.jpg,18,
2021-04-15_RNAi-33646.25750-3_group1_segmentation.jpg,19,
2021-04-15_RNAi-33646.25750-3_group1_segmentation.jpg,20,
2021-04-15_RNAi-33646.25750-3_group1_segmentation.jpg,21,
2021-04-15_RNAi-33646.25750-3_group1_segmentation.jpg,29,
2021-04-15_RNAi-33646.25750-3_group1_segmentation.jpg,30,
2021-04-15_RNAi-33646.25750-3_group1_segmentation.jpg,31,
2021-04-15_RNAi-33646.25750-3_group1_segmentation.jpg,32,
2021-04-15_RNAi-33646.25750-3_group1_segmentation.jpg,33,
2021-04-15_RNAi-44425.3954-2_group1_segmentation.jpg,20,
2021-04-15_RNAi-44425.3954-2_group1_segmentation.jpg,21,
2021-04-15_RNAi-44425.3954-2_group1_segmentation.jpg,22,
2021-04-15_RNAi-44425.3954-2_group1_segmentation.jpg,23,
2021-04-15_RNAi-44425.3954-2_group1_segmentation.jpg,24,
2021-04-15_RNAi-44425.3954-2_group1_segmentation.jpg,26,
2021-04-15_RNAi-44425.3954-2_group1_segmentation.jpg,27,
2021-04-15_RNAi-44425.3954-2_group1_segmentation.jpg,28,
2021-04-15_RNAi-44425.3954-2_group1_segmentation.jpg,29,
2021-04-15_RNAi-44425.3954-2_group1_segmentation.jpg,30,
2021-04-15_RNAi-44425.25750-2_group1_segmentation.jpg,20,
2021-04-15_RNAi-44425.25750-2_group1_segmentation.jpg,21,
2021-04-15_RNAi-44425.25750-2_group1_segmentation.jpg,22,
2021-04-15_RNAi-44425.25750-2_group1_segmentation.jpg,23,
2021-04-15_RNAi-44425.25750-2_group1_segmentation.jpg,24,
2021-04-15_RNAi-44425.25750-2_group1_segmentation.jpg,26,
2021-04-15_RNAi-44425.25750-2_group1_segmentation.jpg,27,
2021-04-15_RNAi-44425.25750-2_group1_segmentation.jpg,28,
2021-04-15_RNAi-44425.25750-2_group1_segmentation.jpg,29,
2021-04-15_RNAi-44425.25750-2_group1_segmentation.jpg,30,
2021-04-15_RNAi-51511.25750-3_group1_segmentation.jpg,17,
2021-04-15_RNAi-51511.25750-3_group1_segmentation.jpg,18,
2021-04-15_RNAi-51511.25750-3_group1_segmentation.jpg,19,
2021-04-15_RNAi-51511.25750-3_group1_segmentation.jpg,20,
2021-04-15_RNAi-51511.25750-3_group1_segmentation.jpg,21,
2021-04-15_RNAi-51511.25750-3_group1_segmentation.jpg,29,
2021-04-15_RNAi-51511.25750-3_group1_segmentation.jpg,30,
2021-04-15_RNAi-51511.25750-3_group1_segmentation.jpg,31,
2021-04-15_RNAi-51511.25750-3_group1_segmentation.jpg,32,
2021-04-15_RNAi-51511.25750-3_group1_segmentation.jpg,33,
2021-04-15_RNAi-51511.51941-3_group1_segmentation.jpg,17,
2021-04-15_RNAi-51511.51941-3_group1_segmentation.jpg,18,
2021-04-15_RNAi-51511.51941-3_group1_segmentation.jpg,19,
2021-04-15_RNAi-51511.51941-3_group1_segmentation.jpg,20,
2021-04-15_RNAi-51511.51941-3_group1_segmentation.jpg,21,
2021-04-15_RNAi-51511.51941-3_group1_segmentation.jpg,29,
2021-04-15_RNAi-51511.51941-3_group1_segmentation.jpg,30,
2021-04-15_RNAi-51511.51941-3_group1_segmentation.jpg,31,
2021-04-15_RNAi-51511.51941-3_group1_segmentation.jpg,32,
2021-04-15_RNAi-51511.51941-3_group1_segmentation.jpg,33,
2021-04-15_RNAi-58111.3954-2_group1_segmentation.jpg,20,
2021-04-15_RNAi-58111.3954-2_group1_segmentation.jpg,21,
2021-04-15_RNAi-58111.3954-2_group1_segmentation.jpg,22,
2021-04-15_RNAi-58111.3954-2_group1_segmentation.jpg,23,
2021-04-15_RNAi-58111.3954-2_group1_segmentation.jpg,24,
2021-04-15_RNAi-58111.3954-2_group1_segmentation.jpg,26,
2021-04-15_RNAi-58111.3954-2_group1_segmentation.jpg,27,
2021-04-15_RNAi-58111.3954-2_group1_segmentation.jpg,28,
2021-04-15_RNAi-58111.3954-2_group1_segmentation.jpg,29,
2021-04-15_RNAi-58111.3954-2_group1_segmentation.jpg,30,
2021-04-15_RNAi-58111.25750-2_group1_segmentation.jpg,20,
2021-04-15_RNAi-58111.25750-2_group1_segmentation.jpg,21,
2021-04-15_RNAi-58111.25750-2_group1_segmentation.jpg,22,
2021-04-15_RNAi-58111.25750-2_group1_segmentation.jpg,23,
2021-04-15_RNAi-58111.25750-2_group1_segmentation.jpg,24,
2021-04-15_RNAi-58111.25750-2_group1_segmentation.jpg,26,
2021-04-15_RNAi-58111.25750-2_group1_segmentation.jpg,27,
2021-04-15_RNAi-58111.25750-2_group1_segmentation.jpg,28,
2021-04-15_RNAi-58111.25750-2_group1_segmentation.jpg,29,
2021-04-15_RNAi-58111.25750-2_group1_segmentation.jpg,30,
2021-04-15_RNAi-58111.51941-2_group1_segmentation.jpg,20,
2021-04-15_RNAi-58111.51941-2_group1_segmentation.jpg,21,
2021-04-15_RNAi-58111.51941-2_group1_segmentation.jpg,22,
2021-04-15_RNAi-58111.51941-2_group1_segmentation.jpg,23,
2021-04-15_RNAi-58111.51941-2_group1_segmentation.jpg,24,
2021-04-15_RNAi-58111.51941-2_group1_segmentation.jpg,26,
2021-04-15_RNAi-58111.51941-2_group1_segmentation.jpg,27,
2021-04-15_RNAi-58111.51941-2_group1_segmentation.jpg,28,
2021-04-15_RNAi-58111.51941-2_group1_segmentation.jpg,29,
2021-04-15_RNAi-58111.51941-2_group1_segmentation.jpg,30,
2021-04-15_RNAi-61174.51941-2_group1_segmentation.jpg,20,
2021-04-15_RNAi-61174.51941-2_group1_segmentation.jpg,21,
2021-04-15_RNAi-61174.51941-2_group1_segmentation.jpg,22,
2021-04-15_RNAi-61174.51941-2_group1_segmentation.jpg,23,
2021-04-15_RNAi-61174.51941-2_group1_segmentation.jpg,24,
2021-04-15_RNAi-61174.51941-2_group1_segmentation.jpg,26,
2021-04-15_RNAi-61174.51941-2_group1_segmentation.jpg,27,
2021-04-15_RNAi-61174.51941-2_group1_segmentation.jpg,28,
2021-04-15_RNAi-61174.51941-2_group1_segmentation.jpg,29,
2021-04-15_RNAi-61174.51941-2_group1_segmentation.jpg,30,
2021-04-16_RNAi-27657.3954-3_group1_segmentation.jpg,17,
2021-04-16_RNAi-27657.3954-3_group1_segmentation.jpg,18,
2021-04-16_RNAi-27657.3954-3_group1_segmentation.jpg,19,
2021-04-16_RNAi-27657.3954-3_group1_segmentation.jpg,20,
2021-04-16_RNAi-27657.3954-3_group1_segmentation.jpg,29,
2021-04-16_RNAi-27657.3954-3_group1_segmentation.jpg,30,
2021-04-16_RNAi-27657.3954-3_group1_segmentation.jpg,31,
2021-04-16_RNAi-27657.3954-3_group1_segmentation.jpg,32,
2021-04-16_RNAi-27657.3954-3_group1_segmentation.jpg,33,
2021-04-16_RNAi-28306.3954-3_group2_segmentation.jpg,24,
2021-04-16_RNAi-28306.3954-3_group2_segmentation.jpg,26,
2021-04-16_RNAi-33646.3954-3_group1_segmentation.jpg,17,
2021-04-16_RNAi-33646.3954-3_group1_segmentation.jpg,18,
2021-04-16_RNAi-33646.3954-3_group1_segmentation.jpg,19,
2021-04-16_RNAi-33646.3954-3_group1_segmentation.jpg,20,
2021-04-16_RNAi-33646.3954-3_group1_segmentation.jpg,21,
2021-04-16_RNAi-33646.3954-3_group1_segmentation.jpg,29,
2021-04-16_RNAi-33646.3954-3_group1_segmentation.jpg,30,
2021-04-16_RNAi-33646.3954-3_group1_segmentation.jpg,31,
2021-04-16_RNAi-33646.3954-3_group1_segmentation.jpg,32,
2021-04-16_RNAi-33646.3954-3_group1_segmentation.jpg,33,
2021-04-16_RNAi-44425.51941-2_group1_segmentation.jpg,17,
2021-04-16_RNAi-44425.51941-2_group1_segmentation.jpg,18,
2021-04-16_RNAi-44425.51941-2_group1_segmentation.jpg,19,
2021-04-16_RNAi-44425.51941-2_group1_segmentation.jpg,20,
2021-04-16_RNAi-44425.51941-2_group1_segmentation.jpg,21,
2021-04-16_RNAi-44425.51941-2_group1_segmentation.jpg,29,
2021-04-16_RNAi-44425.51941-2_group1_segmentation.jpg,30,
2021-04-16_RNAi-44425.51941-2_group1_segmentation.jpg,31,
2021-04-16_RNAi-44425.51941-2_group1_segmentation.jpg,32,
2021-04-16_RNAi-44425.51941-2_group1_segmentation.jpg,33,
2021-04-16_RNAi-50656.25750-3_group1_segmentation.jpg,17,
2021-04-16_RNAi-50656.25750-3_group1_segmentation.jpg,18,
2021-04-16_RNAi-50656.25750-3_group1_segmentation.jpg,19,
2021-04-16_RNAi-50656.25750-3_group1_segmentation.jpg,20,
2021-04-16_RNAi-50656.25750-3_group1_segmentation.jpg,21,
2021-04-16_RNAi-50656.25750-3_group1_segmentation.jpg,29,
2021-04-16_RNAi-50656.25750-3_group1_segmentation.jpg,30,
2021-04-16_RNAi-50656.25750-3_group1_segmentation.jpg,31,
2021-04-16_RNAi-50656.25750-3_group1_segmentation.jpg,32,
2021-04-16_RNAi-50656.25750-3_group1_segmentation.jpg,33,
2021-04-16_RNAi-51511.3954-3_group1_segmentation.jpg,17,
2021-04-16_RNAi-51511.3954-3_group1_segmentation.jpg,18,
2021-04-16_RNAi-51511.3954-3_group1_segmentation.jpg,19,
2021-04-16_RNAi-51511.3954-3_group1_segmentation.jpg,20,
2021-04-16_RNAi-51511.3954-3_group1_segmentation.jpg,21,
2021-04-16_RNAi-51511.3954-3_group1_segmentation.jpg,29,
2021-04-16_RNAi-51511.3954-3_group1_segmentation.jpg,30,
2021-04-16_RNAi-51511.3954-3_group1_segmentation.jpg,31,
2021-04-16_RNAi-51511.3954-3_group1_segmentation.jpg,32,
2021-04-16_RNAi-51511.3954-3_group1_segmentation.jpg,33,
2021-04-17_RNAi-32871.3954-3_group1_segmentation.jpg,20,
2021-04-17_RNAi-32871.3954-3_group1_segmentation.jpg,21,
2021-04-17_RNAi-32871.3954-3_group1_segmentation.jpg,22,
2021-04-17_RNAi-32871.3954-3_group1_segmentation.jpg,23,
2021-04-17_RNAi-32871.3954-3_group1_segmentation.jpg,24,
2021-04-17_RNAi-32871.3954-3_group1_segmentation.jpg,26,
2021-04-17_RNAi-32871.3954-3_group1_segmentation.jpg,27,
2021-04-17_RNAi-32871.3954-3_group1_segmentation.jpg,28,
2021-04-17_RNAi-32871.3954-3_group1_segmentation.jpg,29,
2021-04-17_RNAi-32871.3954-3_group1_segmentation.jpg,30,
2021-04-17_RNAi-35027.3954-3_group1_segmentation.jpg,20,
2021-04-17_RNAi-35027.3954-3_group1_segmentation.jpg,21,
2021-04-17_RNAi-35027.3954-3_group1_segmentation.jpg,22,
2021-04-17_RNAi-35027.3954-3_group1_segmentation.jpg,23,
2021-04-17_RNAi-35027.3954-3_group1_segmentation.jpg,24,
2021-04-17_RNAi-35027.3954-3_group1_segmentation.jpg,26,
2021-04-17_RNAi-35027.3954-3_group1_segmentation.jpg,27,
2021-04-17_RNAi-35027.3954-3_group1_segmentation.jpg,28,
2021-04-17_RNAi-35027.3954-3_group1_segmentation.jpg,29,
2021-04-17_RNAi-35027.3954-3_group1_segmentation.jpg,30,
2021-04-19_RNAi-51411.51941-3_group1_segmentation.jpg,17,
2021-04-19_RNAi-51411.51941-3_group1_segmentation.jpg,18,
2021-04-19_RNAi-51411.51941-3_group1_segmentation.jpg,19,
2021-04-19_RNAi-51411.51941-3_group1_segmentation.jpg,20,
2021-04-19_RNAi-51411.51941-3_group1_segmentation.jpg,21,
2021-04-19_RNAi-51411.51941-3_group1_segmentation.jpg,29,
2021-04-19_RNAi-51411.51941-3_group1_segmentation.jpg,30,
2021-04-19_RNAi-51411.51941-3_group1_segmentation.jpg,31,
2021-04-19_RNAi-51411.51941-3_group1_segmentation.jpg,32,
2021-04-19_RNAi-51411.51941-3_group1_segmentation.jpg,33,
2021-04-19_RNAi-55316.25750-3_group1_segmentation.jpg,21,
2021-04-19_RNAi-55316.25750-3_group1_segmentation.jpg,22,
2021-04-19_RNAi-55316.25750-3_group1_segmentation.jpg,23,
2021-04-19_RNAi-55316.25750-3_group1_segmentation.jpg,24,
2021-04-19_RNAi-55316.25750-3_group1_segmentation.jpg,26,
2021-04-19_RNAi-55316.25750-3_group1_segmentation.jpg,27,
2021-04-19_RNAi-55316.25750-3_group1_segmentation.jpg,28,
2021-04-19_RNAi-55316.25750-3_group1_segmentation.jpg,29,
2021-04-19_RNAi-55316.25750-3_group1_segmentation.jpg,30,
2021-04-19_RNAi-61174.51941-3_group1_segmentation.jpg,17,
2021-04-19_RNAi-61174.51941-3_group1_segmentation.jpg,18,
2021-04-19_RNAi-61174.51941-3_group1_segmentation.jpg,19,
2021-04-19_RNAi-61174.51941-3_group1_segmentation.jpg,20,
2021-04-19_RNAi-61174.51941-3_group1_segmentation.jpg,21,
2021-04-19_RNAi-61174.51941-3_group1_segmentation.jpg,29,
2021-04-19_RNAi-61174.51941-3_group1_segmentation.jpg,30,
2021-04-19_RNAi-61174.51941-3_group1_segmentation.jpg,31,
2021-04-19_RNAi-61174.51941-3_group1_segmentation.jpg,32,
2021-04-19_RNAi-61174.51941-3_group1_segmentation.jpg,33,
2021-04-20_RNAi-36304-3_group1_segmentation.jpg,17,
2021-04-20_RNAi-36304-3_group1_segmentation.jpg,18,
2021-04-20_RNAi-36304-3_group1_segmentation.jpg,19,
2021-04-20_RNAi-36304-3_group1_segmentation.jpg,20,
2021-04-20_RNAi-36304-3_group1_segmentation.jpg,21,
2021-04-20_RNAi-36304-3_group1_segmentation.jpg,29,
2021-04-20_RNAi-36304-3_group1_segmentation.jpg,30,
2021-04-20_RNAi-36304-3_group1_segmentation.jpg,31,
2021-04-20_RNAi-36304-3_group1_segmentation.jpg,32,
2021-04-20_RNAi-36304-3_group1_segmentation.jpg,33,
2021-04-20_RNAi-38523.25750-3_group1_segmentation.jpg,20,
2021-04-20_RNAi-38523.25750-3_group1_segmentation.jpg,21,
2021-04-20_RNAi-38523.25750-3_group1_segmentation.jpg,22,
2021-04-20_RNAi-38523.25750-3_group1_segmentation.jpg,23,
2021-04-20_RNAi-38523.25750-3_group1_segmentation.jpg,24,
2021-04-20_RNAi-38523.25750-3_group1_segmentation.jpg,26,
2021-04-20_RNAi-38523.25750-3_group1_segmentation.jpg,27,
2021-04-20_RNAi-38523.25750-3_group1_segmentation.jpg,28,
2021-04-20_RNAi-38523.25750-3_group1_segmentation.jpg,29,
2021-04-20_RNAi-38523.25750-3_group1_segmentation.jpg,30,
2021-04-20_RNAi-38523.51941-3_group1_segmentation.jpg,17,
2021-04-20_RNAi-38523.51941-3_group1_segmentation.jpg,18,
2021-04-20_RNAi-38523.51941-3_group1_segmentation.jpg,19,
2021-04-20_RNAi-38523.51941-3_group1_segmentation.jpg,20,
2021-04-20_RNAi-38523.51941-3_group1_segmentation.jpg,21,
2021-04-20_RNAi-38523.51941-3_group1_segmentation.jpg,29,
2021-04-20_RNAi-38523.51941-3_group1_segmentation.jpg,30,
2021-04-20_RNAi-38523.51941-3_group1_segmentation.jpg,31,
2021-04-20_RNAi-38523.51941-3_group1_segmentation.jpg,32,
2021-04-20_RNAi-38523.51941-3_group1_segmentation.jpg,33,
2021-04-20_RNAi-51411.25750-3_group1_segmentation.jpg,20,
2021-04-20_RNAi-51411.25750-3_group1_segmentation.jpg,21,
2021-04-20_RNAi-51411.25750-3_group1_segmentation.jpg,22,
2021-04-20_RNAi-51411.25750-3_group1_segmentation.jpg,23,
2021-04-20_RNAi-51411.25750-3_group1_segmentation.jpg,24,
2021-04-20_RNAi-51411.25750-3_group1_segmentation.jpg,26,
2021-04-20_RNAi-51411.25750-3_group1_segmentation.jpg,27,
2021-04-20_RNAi-51411.25750-3_group1_segmentation.jpg,28,
2021-04-20_RNAi-51411.25750-3_group1_segmentation.jpg,29,
2021-04-20_RNAi-51411.25750-3_group1_segmentation.jpg,30,
2021-04-20_RNAi-55316.51941-3_group1_segmentation.jpg,17,
2021-04-20_RNAi-55316.51941-3_group1_segmentation.jpg,18,
2021-04-20_RNAi-55316.51941-3_group1_segmentation.jpg,19,
2021-04-20_RNAi-55316.51941-3_group1_segmentation.jpg,20,
2021-04-20_RNAi-55316.51941-3_group1_segmentation.jpg,21,
2021-04-20_RNAi-55316.51941-3_group1_segmentation.jpg,29,
2021-04-20_RNAi-55316.51941-3_group1_segmentation.jpg,30,
2021-04-20_RNAi-55316.51941-3_group1_segmentation.jpg,31,
2021-04-20_RNAi-55316.51941-3_group1_segmentation.jpg,32,
2021-04-20_RNAi-55316.51941-3_group1_segmentation.jpg,33,
2021-04-20_RNAi-57526.51941-3_group1_segmentation.jpg,17,
2021-04-20_RNAi-57526.51941-3_group1_segmentation.jpg,18,
2021-04-20_RNAi-57526.51941-3_group1_segmentation.jpg,19,
2021-04-20_RNAi-57526.51941-3_group1_segmentation.jpg,20,
2021-04-20_RNAi-57526.51941-3_group1_segmentation.jpg,21,
2021-04-20_RNAi-57526.51941-3_group1_segmentation.jpg,29,
2021-04-20_RNAi-57526.51941-3_group1_segmentation.jpg,30,
2021-04-20_RNAi-57526.51941-3_group1_segmentation.jpg,31,
2021-04-20_RNAi-57526.51941-3_group1_segmentation.jpg,32,
2021-04-20_RNAi-57526.51941-3_group1_segmentation.jpg,33,
2021-04-20_RNAi-58111.51941-3_group1_segmentation.jpg,20,
2021-04-20_RNAi-58111.51941-3_group1_segmentation.jpg,21,
2021-04-20_RNAi-58111.51941-3_group1_segmentation.jpg,22,
2021-04-20_RNAi-58111.51941-3_group1_segmentation.jpg,23,
2021-04-20_RNAi-58111.51941-3_group1_segmentation.jpg,24,
2021-04-20_RNAi-58111.51941-3_group1_segmentation.jpg,26,
2021-04-20_RNAi-58111.51941-3_group1_segmentation.jpg,27,
2021-04-20_RNAi-58111.51941-3_group1_segmentation.jpg,28,
2021-04-20_RNAi-58111.51941-3_group1_segmentation.jpg,29,
2021-04-20_RNAi-58111.51941-3_group1_segmentation.jpg,30,
2021-04-20_RNAi-60071.3954-3_group1_segmentation.jpg,20,
2021-04-20_RNAi-60071.3954-3_group1_segmentation.jpg,21,
2021-04-20_RNAi-60071.3954-3_group1_segmentation.jpg,22,
2021-04-20_RNAi-60071.3954-3_group1_segmentation.jpg,23,
2021-04-20_RNAi-60071.3954-3_group1_segmentation.jpg,24,
2021-04-20_RNAi-60071.3954-3_group1_segmentation.jpg,26,
2021-04-20_RNAi-60071.3954-3_group1_segmentation.jpg,27,
2021-04-20_RNAi-60071.3954-3_group1_segmentation.jpg,28,
2021-04-20_RNAi-60071.3954-3_group1_segmentation.jpg,29,
2021-04-20_RNAi-60071.3954-3_group1_segmentation.jpg,30,
2021-04-20_RNAi-60071.51941-3_group1_segmentation.jpg,17,
2021-04-20_RNAi-60071.51941-3_group1_segmentation.jpg,18,
2021-04-20_RNAi-60071.51941-3_group1_segmentation.jpg,19,
2021-04-20_RNAi-60071.51941-3_group1_segmentation.jpg,20,
2021-04-20_RNAi-60071.51941-3_group1_segmentation.jpg,21,
2021-04-20_RNAi-60071.51941-3_group1_segmentation.jpg,29,
2021-04-20_RNAi-60071.51941-3_group1_segmentation.jpg,30,
2021-04-20_RNAi-60071.51941-3_group1_segmentation.jpg,31,
2021-04-20_RNAi-60071.51941-3_group1_segmentation.jpg,32,
2021-04-20_RNAi-60071.51941-3_group1_segmentation.jpg,33,
2021-04-20_RNAi-60074.3954-3_group1_segmentation.jpg,20,
2021-04-20_RNAi-60074.3954-3_group1_segmentation.jpg,21,
2021-04-20_RNAi-60074.3954-3_group1_segmentation.jpg,22,
2021-04-20_RNAi-60074.3954-3_group1_segmentation.jpg,23,
2021-04-20_RNAi-60074.3954-3_group1_segmentation.jpg,24,
2021-04-20_RNAi-60074.3954-3_group1_segmentation.jpg,26,
2021-04-20_RNAi-60074.3954-3_group1_segmentation.jpg,27,
2021-04-20_RNAi-60074.3954-3_group1_segmentation.jpg,28,
2021-04-20_RNAi-60074.3954-3_group1_segmentation.jpg,29,
2021-04-20_RNAi-60074.3954-3_group1_segmentation.jpg,30,
2021-04-20_RNAi-60074.25750-3_group1_segmentation.jpg,17,
2021-04-20_RNAi-60074.25750-3_group1_segmentation.jpg,18,
2021-04-20_RNAi-60074.25750-3_group1_segmentation.jpg,19,
2021-04-20_RNAi-60074.25750-3_group1_segmentation.jpg,20,
2021-04-20_RNAi-60074.25750-3_group1_segmentation.jpg,21,
2021-04-20_RNAi-60074.25750-3_group1_segmentation.jpg,29,
2021-04-20_RNAi-60074.25750-3_group1_segmentation.jpg,30,
2021-04-20_RNAi-60074.25750-3_group1_segmentation.jpg,31,
2021-04-20_RNAi-60074.25750-3_group1_segmentation.jpg,32,
2021-04-20_RNAi-60074.25750-3_group1_segmentation.jpg,33,
2021-04-20_RNAi-60074.51941-3_group1_segmentation.jpg,17,
2021-04-20_RNAi-60074.51941-3_group1_segmentation.jpg,18,
2021-04-20_RNAi-60074.51941-3_group1_segmentation.jpg,19,
2021-04-20_RNAi-60074.51941-3_group1_segmentation.jpg,20,
2021-04-20_RNAi-60074.51941-3_group1_segmentation.jpg,21,
2021-04-20_RNAi-60074.51941-3_group1_segmentation.jpg,29,
2021-04-20_RNAi-60074.51941-3_group1_segmentation.jpg,30,
2021-04-20_RNAi-60074.51941-3_group1_segmentation.jpg,31,
2021-04-20_RNAi-60074.51941-3_group1_segmentation.jpg,32,
2021-04-20_RNAi-60074.51941-3_group1_segmentation.jpg,33,
2021-04-20_RNAi-60119.51941-3_group1_segmentation.jpg,17,
2021-04-20_RNAi-60119.51941-3_group1_segmentation.jpg,18,
2021-04-20_RNAi-60119.51941-3_group1_segmentation.jpg,19,
2021-04-20_RNAi-60119.51941-3_group1_segmentation.jpg,20,
2021-04-20_RNAi-60119.51941-3_group1_segmentation.jpg,21,
2021-04-20_RNAi-60119.51941-3_group1_segmentation.jpg,29,
2021-04-20_RNAi-60119.51941-3_group1_segmentation.jpg,30,
2021-04-20_RNAi-60119.51941-3_group1_segmentation.jpg,31,
2021-04-20_RNAi-60119.51941-3_group1_segmentation.jpg,32,
2021-04-20_RNAi-60119.51941-3_group1_segmentation.jpg,33,
2021-04-21_RNAi-38523.3954-3_group1_segmentation.jpg,20,
2021-04-21_RNAi-38523.3954-3_group1_segmentation.jpg,21,
2021-04-21_RNAi-38523.3954-3_group1_segmentation.jpg,22,
2021-04-21_RNAi-38523.3954-3_group1_segmentation.jpg,23,
2021-04-21_RNAi-38523.3954-3_group1_segmentation.jpg,24,
2021-04-21_RNAi-38523.3954-3_group1_segmentation.jpg,26,
2021-04-21_RNAi-38523.3954-3_group1_segmentation.jpg,27,
2021-04-21_RNAi-38523.3954-3_group1_segmentation.jpg,28,
2021-04-21_RNAi-38523.3954-3_group1_segmentation.jpg,29,
2021-04-21_RNAi-38523.3954-3_group1_segmentation.jpg,30,
2021-04-21_RNAi-44425.25750-3_group1_segmentation.jpg,20,
2021-04-21_RNAi-44425.25750-3_group1_segmentation.jpg,21,
2021-04-21_RNAi-44425.25750-3_group1_segmentation.jpg,22,
2021-04-21_RNAi-44425.25750-3_group1_segmentation.jpg,23,
2021-04-21_RNAi-44425.25750-3_group1_segmentation.jpg,24,
2021-04-21_RNAi-44425.25750-3_group1_segmentation.jpg,26,
2021-04-21_RNAi-44425.25750-3_group1_segmentation.jpg,27,
2021-04-21_RNAi-44425.25750-3_group1_segmentation.jpg,28,
2021-04-21_RNAi-44425.25750-3_group1_segmentation.jpg,29,
2021-04-21_RNAi-44425.25750-3_group1_segmentation.jpg,30,
2021-04-21_RNAi-44425.51941-3_group1_segmentation.jpg,20,
2021-04-21_RNAi-44425.51941-3_group1_segmentation.jpg,21,
2021-04-21_RNAi-44425.51941-3_group1_segmentation.jpg,22,
2021-04-21_RNAi-44425.51941-3_group1_segmentation.jpg,23,
2021-04-21_RNAi-44425.51941-3_group1_segmentation.jpg,24,
2021-04-21_RNAi-44425.51941-3_group1_segmentation.jpg,26,
2021-04-21_RNAi-44425.51941-3_group1_segmentation.jpg,27,
2021-04-21_RNAi-44425.51941-3_group1_segmentation.jpg,28,
2021-04-21_RNAi-44425.51941-3_group1_segmentation.jpg,29,
2021-04-21_RNAi-44425.51941-3_group1_segmentation.jpg,30,
2021-04-21_RNAi-51411.3954-3_group1_segmentation.jpg,20,
2021-04-21_RNAi-51411.3954-3_group1_segmentation.jpg,21,
2021-04-21_RNAi-51411.3954-3_group1_segmentation.jpg,22,
2021-04-21_RNAi-51411.3954-3_group1_segmentation.jpg,23,
2021-04-21_RNAi-51411.3954-3_group1_segmentation.jpg,24,
2021-04-21_RNAi-51411.3954-3_group1_segmentation.jpg,26,
2021-04-21_RNAi-51411.3954-3_group1_segmentation.jpg,27,
2021-04-21_RNAi-51411.3954-3_group1_segmentation.jpg,28,
2021-04-21_RNAi-51411.3954-3_group1_segmentation.jpg,29,
2021-04-21_RNAi-51411.3954-3_group1_segmentation.jpg,30,
2021-04-21_RNAi-55316.3954-3_group1_segmentation.jpg,20,
2021-04-21_RNAi-55316.3954-3_group1_segmentation.jpg,21,
2021-04-21_RNAi-55316.3954-3_group1_segmentation.jpg,22,
2021-04-21_RNAi-55316.3954-3_group1_segmentation.jpg,23,
2021-04-21_RNAi-55316.3954-3_group1_segmentation.jpg,24,
2021-04-21_RNAi-55316.3954-3_group1_segmentation.jpg,26,
2021-04-21_RNAi-55316.3954-3_group1_segmentation.jpg,27,
2021-04-21_RNAi-55316.3954-3_group1_segmentation.jpg,28,
2021-04-21_RNAi-55316.3954-3_group1_segmentation.jpg,29,
2021-04-21_RNAi-55316.3954-3_group1_segmentation.jpg,30,
2021-04-21_RNAi-55316.25750-3_group2_segmentation.jpg,26,
2021-04-21_RNAi-57526.3954-3_group1_segmentation.jpg,20,
2021-04-21_RNAi-57526.3954-3_group1_segmentation.jpg,21,
2021-04-21_RNAi-57526.3954-3_group1_segmentation.jpg,22,
2021-04-21_RNAi-57526.3954-3_group1_segmentation.jpg,23,
2021-04-21_RNAi-57526.3954-3_group1_segmentation.jpg,24,
2021-04-21_RNAi-57526.3954-3_group1_segmentation.jpg,26,
2021-04-21_RNAi-57526.3954-3_group1_segmentation.jpg,27,
2021-04-21_RNAi-57526.3954-3_group1_segmentation.jpg,28,
2021-04-21_RNAi-57526.3954-3_group1_segmentation.jpg,29,
2021-04-21_RNAi-57526.3954-3_group1_segmentation.jpg,30,
2021-04-21_RNAi-57526.25750-3_group1_segmentation.jpg,20,
2021-04-21_RNAi-57526.25750-3_group1_segmentation.jpg,21,
2021-04-21_RNAi-57526.25750-3_group1_segmentation.jpg,22,
2021-04-21_RNAi-57526.25750-3_group1_segmentation.jpg,23,
2021-04-21_RNAi-57526.25750-3_group1_segmentation.jpg,24,
2021-04-21_RNAi-57526.25750-3_group1_segmentation.jpg,26,
2021-04-21_RNAi-57526.25750-3_group1_segmentation.jpg,27,
2021-04-21_RNAi-57526.25750-3_group1_segmentation.jpg,28,
2021-04-21_RNAi-57526.25750-3_group1_segmentation.jpg,29,
2021-04-21_RNAi-57526.25750-3_group1_segmentation.jpg,30,
2021-04-21_RNAi-60071.25750-3_group1_segmentation.jpg,20,
2021-04-21_RNAi-60071.25750-3_group1_segmentation.jpg,21,
2021-04-21_RNAi-60071.25750-3_group1_segmentation.jpg,22,
2021-04-21_RNAi-60071.25750-3_group1_segmentation.jpg,23,
2021-04-21_RNAi-60071.25750-3_group1_segmentation.jpg,24,
2021-04-21_RNAi-60071.25750-3_group1_segmentation.jpg,26,
2021-04-21_RNAi-60071.25750-3_group1_segmentation.jpg,27,
2021-04-21_RNAi-60071.25750-3_group1_segmentation.jpg,28,
2021-04-21_RNAi-60071.25750-3_group1_segmentation.jpg,29,
2021-04-21_RNAi-60071.25750-3_group1_segmentation.jpg,30,
2021-04-21_RNAi-61174.25750-3_group1_segmentation.jpg,20,
2021-04-21_RNAi-61174.25750-3_group1_segmentation.jpg,21,
2021-04-21_RNAi-61174.25750-3_group1_segmentation.jpg,22,
2021-04-21_RNAi-61174.25750-3_group1_segmentation.jpg,23,
2021-04-21_RNAi-61174.25750-3_group1_segmentation.jpg,24,
2021-04-21_RNAi-61174.25750-3_group1_segmentation.jpg,26,
2021-04-21_RNAi-61174.25750-3_group1_segmentation.jpg,27,
2021-04-21_RNAi-61174.25750-3_group1_segmentation.jpg,28,
2021-04-21_RNAi-61174.25750-3_group1_segmentation.jpg,29,
2021-04-21_RNAi-61174.25750-3_group1_segmentation.jpg,30,
2021-04-21_RNAi-61174.3954-3_group1_segmentation.jpg,20,
2021-04-21_RNAi-61174.3954-3_group1_segmentation.jpg,21,
2021-04-21_RNAi-61174.3954-3_group1_segmentation.jpg,22,
2021-04-21_RNAi-61174.3954-3_group1_segmentation.jpg,23,
2021-04-21_RNAi-61174.3954-3_group1_segmentation.jpg,24,
2021-04-21_RNAi-61174.3954-3_group1_segmentation.jpg,26,
2021-04-21_RNAi-61174.3954-3_group1_segmentation.jpg,27,
2021-04-21_RNAi-61174.3954-3_group1_segmentation.jpg,28,
2021-04-21_RNAi-61174.3954-3_group1_segmentation.jpg,29,
2021-04-21_RNAi-61174.3954-3_group1_segmentation.jpg,30,
2021-04-22_RNAi-44425.3954-3_group1_segmentation.jpg,17,
2021-04-22_RNAi-44425.3954-3_group1_segmentation.jpg,18,
2021-04-22_RNAi-44425.3954-3_group1_segmentation.jpg,19,
2021-04-22_RNAi-44425.3954-3_group1_segmentation.jpg,20,
2021-04-22_RNAi-44425.3954-3_group1_segmentation.jpg,21,
2021-04-22_RNAi-44425.3954-3_group1_segmentation.jpg,29,
2021-04-22_RNAi-44425.3954-3_group1_segmentation.jpg,30,
2021-04-22_RNAi-44425.3954-3_group1_segmentation.jpg,31,
2021-04-22_RNAi-44425.3954-3_group1_segmentation.jpg,32,
2021-04-22_RNAi-44425.3954-3_group1_segmentation.jpg,33,
2021-04-22_RNAi-55183.25750-3_group1_segmentation.jpg,17,
2021-04-22_RNAi-55183.25750-3_group1_segmentation.jpg,18,
2021-04-22_RNAi-55183.25750-3_group1_segmentation.jpg,19,
2021-04-22_RNAi-55183.25750-3_group1_segmentation.jpg,20,
2021-04-22_RNAi-55183.25750-3_group1_segmentation.jpg,21,
2021-04-22_RNAi-55183.25750-3_group1_segmentation.jpg,29,
2021-04-22_RNAi-55183.25750-3_group1_segmentation.jpg,30,
2021-04-22_RNAi-55183.25750-3_group1_segmentation.jpg,31,
2021-04-22_RNAi-55183.25750-3_group1_segmentation.jpg,32,
2021-04-22_RNAi-55183.25750-3_group1_segmentation.jpg,33,
2021-04-22_RNAi-55183.51941-3_group1_segmentation.jpg,17,
2021-04-22_RNAi-55183.51941-3_group1_segmentation.jpg,18,
2021-04-22_RNAi-55183.51941-3_group1_segmentation.jpg,19,
2021-04-22_RNAi-55183.51941-3_group1_segmentation.jpg,20,
2021-04-22_RNAi-55183.51941-3_group1_segmentation.jpg,21,
2021-04-22_RNAi-55183.51941-3_group1_segmentation.jpg,29,
2021-04-22_RNAi-55183.51941-3_group1_segmentation.jpg,30,
2021-04-22_RNAi-55183.51941-3_group1_segmentation.jpg,31,
2021-04-22_RNAi-55183.51941-3_group1_segmentation.jpg,32,
2021-04-22_RNAi-55183.51941-3_group1_segmentation.jpg,33,
2021-04-22_RNAi-58111.25750-3_group1_segmentation.jpg,17,
2021-04-22_RNAi-58111.25750-3_group1_segmentation.jpg,18,
2021-04-22_RNAi-58111.25750-3_group1_segmentation.jpg,19,
2021-04-22_RNAi-58111.25750-3_group1_segmentation.jpg,20,
2021-04-22_RNAi-58111.25750-3_group1_segmentation.jpg,21,
2021-04-22_RNAi-58111.25750-3_group1_segmentation.jpg,29,
2021-04-22_RNAi-58111.25750-3_group1_segmentation.jpg,30,
2021-04-22_RNAi-58111.25750-3_group1_segmentation.jpg,31,
2021-04-22_RNAi-58111.25750-3_group1_segmentation.jpg,32,
2021-04-22_RNAi-58111.25750-3_group1_segmentation.jpg,33,
2021-04-22_RNAi-60119.25750-3_group1_segmentation.jpg,17,
2021-04-22_RNAi-60119.25750-3_group1_segmentation.jpg,18,
2021-04-22_RNAi-60119.25750-3_group1_segmentation.jpg,19,
2021-04-22_RNAi-60119.25750-3_group1_segmentation.jpg,20,
2021-04-22_RNAi-60119.25750-3_group1_segmentation.jpg,21,
2021-04-22_RNAi-60119.25750-3_group1_segmentation.jpg,29,
2021-04-22_RNAi-60119.25750-3_group1_segmentation.jpg,30,
2021-04-22_RNAi-60119.25750-3_group1_segmentation.jpg,31,
2021-04-22_RNAi-60119.25750-3_group1_segmentation.jpg,32,
2021-04-22_RNAi-60119.25750-3_group1_segmentation.jpg,33,
2021-04-22_RNAi-60119.3954-3_group1_segmentation.jpg,17,
2021-04-22_RNAi-60119.3954-3_group1_segmentation.jpg,18,
2021-04-22_RNAi-60119.3954-3_group1_segmentation.jpg,19,
2021-04-22_RNAi-60119.3954-3_group1_segmentation.jpg,20,
2021-04-22_RNAi-60119.3954-3_group1_segmentation.jpg,21,
2021-04-22_RNAi-60119.3954-3_group1_segmentation.jpg,29,
2021-04-22_RNAi-60119.3954-3_group1_segmentation.jpg,30,
2021-04-22_RNAi-60119.3954-3_group1_segmentation.jpg,31,
2021-04-22_RNAi-60119.3954-3_group1_segmentation.jpg,32,
2021-04-22_RNAi-60119.3954-3_group1_segmentation.jpg,33,
2021-04-23_RNAi-58111.3954-3_group1_segmentation.jpg,20,
2021-04-23_RNAi-58111.3954-3_group1_segmentation.jpg,21,
2021-04-23_RNAi-58111.3954-3_group1_segmentation.jpg,22,
2021-04-23_RNAi-58111.3954-3_group1_segmentation.jpg,23,
2021-04-23_RNAi-58111.3954-3_group1_segmentation.jpg,24,
2021-04-23_RNAi-58111.3954-3_group1_segmentation.jpg,26,
2021-04-23_RNAi-58111.3954-3_group1_segmentation.jpg,27,
2021-04-23_RNAi-58111.3954-3_group1_segmentation.jpg,28,
2021-04-23_RNAi-58111.3954-3_group1_segmentation.jpg,29,
2021-04-23_RNAi-58111.3954-3_group1_segmentation.jpg,30,